{
"type": "FeatureCollection",
"name": "data",
"crs": { "type": "name", "properties": { "name": "urn:ogc:def:crs:OGC:1.3:CRS84" } },
"features": [
{ "type": "Feature", "properties": { "HelkaMerhav": "דרום", "TeurShita": "רשום", "GUSH": 100311, "MisparHelka": 2, "BaalutBefoal": "קק\"ל", "MatzavRishum": "ביטול רישום לאחר פרצלציה", "ShetachBaalutKKL": 3770574, "Shape__Area": null, "achuz_baalut_kkl": 100, "key": "100311-2-0", "achuz_baalut_kkl_lastMonth": 100.0, "ShetachBaalutKKL_lastMonth": 240000.0, "Area_calc_lastMonth": null, "Area_calc": 0.0, "Areakkl_total_lastMonth": null, "Areakkl_total_current": 0.0, "Area_diff": null, "mavat_name_current": null, "mavat_name_lastMonth": null, "mavat_changed": true, "score_diff": null, "type_status": "changed" }, "geometry": { "type": "Polygon", "coordinates": [ ] } },
{ "type": "Feature", "properties": { "HelkaMerhav": "ירושלים", "TeurShita": "רשום", "GUSH": 10423, "MisparHelka": 118, "BaalutBefoal": "קק\"ל", "MatzavRishum": "בית משותף לאחר צו בתים משותפים", "ShetachBaalutKKL": 2617, "Shape__Area": 3091.9583794, "achuz_baalut_kkl": 100, "key": "10423-118-0", "achuz_baalut_kkl_lastMonth": 100.0, "ShetachBaalutKKL_lastMonth": 3091.0, "Area_calc_lastMonth": 3091.9583793953962, "Area_calc": 3091.9583793953957, "Areakkl_total_lastMonth": 3091.9583793953962, "Areakkl_total_current": 3091.9583793953957, "Area_diff": 0.0, "mavat_name_current": "מגורים ד'", "mavat_name_lastMonth": "מגורים ד'", "mavat_changed": false, "score_diff": 0.0, "type_status": "changed" }, "geometry": { "type": "Polygon", "coordinates": [ [ [ 35.087531692772174, 32.849055620710153 ], [ 35.087539074109728, 32.848557767369094 ], [ 35.087535302591128, 32.848557490635429 ], [ 35.087531714781157, 32.848557233008641 ], [ 35.087528126965296, 32.848556979890191 ], [ 35.087524538072984, 32.848556733082454 ], [ 35.08752094917476, 32.848556490783032 ], [ 35.087517359201264, 32.848556253892632 ], [ 35.087513769220671, 32.848556022412225 ], [ 35.087510178165978, 32.848555795439182 ], [ 35.087506587103043, 32.848555574777819 ], [ 35.087502996034203, 32.848555358624772 ], [ 35.087499403890057, 32.848555147880752 ], [ 35.087495811740041, 32.848554941645084 ], [ 35.087492218513525, 32.848554741720079 ], [ 35.087488625281125, 32.848554546303419 ], [ 35.087485032040469, 32.848554357198481 ], [ 35.087481437726872, 32.848554171699135 ], [ 35.087477843405011, 32.848553992511512 ], [ 35.087474249076074, 32.848553818733905 ], [ 35.087470653673023, 32.848553649463625 ], [ 35.087467058262874, 32.848553485603354 ], [ 35.087463462845662, 32.84855332715312 ], [ 35.087459866353129, 32.848553174111863 ], [ 35.087456270921749, 32.848553026481653 ], [ 35.087452673348032, 32.848552883357755 ], [ 35.087449076835441, 32.848552745644866 ], [ 35.087445479247556, 32.848552613340999 ], [ 35.087441882720782, 32.848552486448135 ], [ 35.087438284050506, 32.84855236496329 ], [ 35.087434686442528, 32.848552247987776 ], [ 35.087431088827458, 32.848552136422263 ], [ 35.087427490137102, 32.848552030265779 ], [ 35.087423891439634, 32.848551929519296 ], [ 35.087420292735089, 32.84855183418285 ], [ 35.08741669295641, 32.84855174335371 ], [ 35.087413094238876, 32.848551657935566 ], [ 35.087409494446021, 32.848551577926472 ], [ 35.087405895714269, 32.848551503328359 ], [ 35.087402295907246, 32.848551434139274 ], [ 35.087398696094283, 32.848551369458519 ], [ 35.087395096273063, 32.848551311089459 ], [ 35.087391495377695, 32.848551257227719 ], [ 35.087387895543465, 32.848551208777003 ], [ 35.087384295702122, 32.848551165736303 ], [ 35.087380694786646, 32.84855112720291 ], [ 35.087377094932293, 32.848551094080541 ], [ 35.087373494001461, 32.848551067268879 ], [ 35.087369894132912, 32.848551044966541 ], [ 35.087366293190236, 32.848551027171503 ], [ 35.08736269223926, 32.848551015688201 ], [ 35.087359092350603, 32.848551008714203 ], [ 35.087355491385445, 32.848551008050912 ], [ 35.087351890414354, 32.848551011895964 ], [ 35.08734829050438, 32.848551021152012 ], [ 35.087344689520265, 32.848551034915388 ], [ 35.087341088527886, 32.848551054990452 ], [ 35.08733748859779, 32.848551079574861 ], [ 35.087333888660567, 32.848551109569271 ], [ 35.087330287648051, 32.848551144972681 ], [ 35.087326687696624, 32.84855118578713 ], [ 35.087323087739286, 32.848551231109894 ], [ 35.087319486705432, 32.848551282743358 ], [ 35.087315886733869, 32.848551338886139 ], [ 35.087312286755193, 32.848551400438943 ], [ 35.087308687837627, 32.848551467402757 ], [ 35.087305087845941, 32.848551538873927 ], [ 35.087301488914164, 32.848551616657758 ], [ 35.087297888908218, 32.848551698948917 ], [ 35.087294289963395, 32.848551786651107 ], [ 35.087290691011468, 32.848551879763292 ], [ 35.087287092053607, 32.848551977383813 ], [ 35.087283494155642, 32.848552081317031 ], [ 35.087279895183542, 32.848552189757562 ], [ 35.087276297272552, 32.848552303609111 ], [ 35.087272699354443, 32.848552422870696 ], [ 35.087269102498624, 32.848552546641585 ], [ 35.087265504566275, 32.848552676723173 ], [ 35.08726190769621, 32.848552811314107 ], [ 35.087258310819031, 32.84855295131505 ], [ 35.087254713934712, 32.848553096725993 ], [ 35.087251118111517, 32.848553247547976 ], [ 35.087247522282382, 32.848553402878252 ], [ 35.087243926444941, 32.848553564520238 ], [ 35.087240331669769, 32.848553730671561 ], [ 35.087236736887476, 32.848553902232879 ], [ 35.087233142099244, 32.848554078302527 ], [ 35.087229548370921, 32.848554260684892 ], [ 35.087225954636665, 32.848554447575559 ], [ 35.087222360895282, 32.848554639876284 ], [ 35.087218768214996, 32.848554837587969 ], [ 35.087215175527575, 32.848555040709698 ], [ 35.0872115828342, 32.848555248339736 ], [ 35.087207991200764, 32.848555462282491 ], [ 35.087204399561351, 32.848555680733568 ], [ 35.08720080898302, 32.848555904595642 ], [ 35.087197218398778, 32.84855613296606 ], [ 35.087193628874424, 32.848556367649188 ], [ 35.087190039344122, 32.848556606840624 ], [ 35.08718645087491, 32.848556851443071 ], [ 35.087182862398549, 32.848557101455555 ], [ 35.087179273915069, 32.848557356878032 ], [ 35.087175686493858, 32.848557616809856 ], [ 35.087172100133742, 32.848557882152669 ], [ 35.087168513766464, 32.848558152905518 ], [ 35.087164928460282, 32.848558429069364 ], [ 35.087161343146967, 32.848558710643232 ], [ 35.087157757827711, 32.84855899672543 ], [ 35.087154174637732, 32.848559288219633 ], [ 35.087150590372403, 32.848559585122864 ], [ 35.087147008236379, 32.8485598874381 ], [ 35.087143426093206, 32.848560195163358 ], [ 35.087139843944087, 32.84856050739694 ], [ 35.087136263924251, 32.848560825042526 ], [ 35.087132682829065, 32.848561148097133 ], [ 35.087129103864356, 32.848561475662052 ], [ 35.087125524891313, 32.848561809538694 ], [ 35.087121946980538, 32.848562147924667 ], [ 35.087118369062615, 32.848562491720649 ], [ 35.087114792205782, 32.848562840927649 ], [ 35.087111216411181, 32.848563194643965 ], [ 35.087107640609453, 32.848563553770319 ], [ 35.087104065868793, 32.848563918307654 ], [ 35.087100492189187, 32.848564288256036 ], [ 35.087096919570662, 32.84856466361542 ], [ 35.087093346946183, 32.848565043483141 ], [ 35.087089775382765, 32.848565428761866 ], [ 35.087086204880421, 32.848565819451608 ], [ 35.087082634370923, 32.848566215551365 ], [ 35.087079064923678, 32.848566616160447 ], [ 35.087075497605724, 32.848567022181548 ], [ 35.087071929212392, 32.848567433611663 ], [ 35.087068362948358, 32.848567850453819 ], [ 35.087064796678334, 32.848568271804282 ], [ 35.0870612325376, 32.848568698566758 ], [ 35.087057668389711, 32.848569130739243 ], [ 35.087054105302883, 32.848569568322766 ], [ 35.087050543278316, 32.848570010415621 ], [ 35.0870469812454, 32.84857045882017 ], [ 35.087043421344141, 32.848570910833359 ], [ 35.087039861434526, 32.848571369158265 ], [ 35.087036302587158, 32.848571831992487 ], [ 35.087032745867887, 32.848572301140379 ], [ 35.08702918914264, 32.848572774796665 ], [ 35.087025633479641, 32.848573252962247 ], [ 35.087022078877695, 32.84857373653886 ], [ 35.0870185242674, 32.848574226427154 ], [ 35.087014971788761, 32.848574719924116 ], [ 35.087011420369983, 32.848575219733789 ], [ 35.087007870013444, 32.848575724052751 ], [ 35.087004319649751, 32.84857623378177 ], [ 35.087000771415326, 32.848576748922788 ], [ 35.086997224241948, 32.848577269474823 ], [ 35.08699367813081, 32.848577794536197 ], [ 35.086990132012517, 32.848578325007594 ], [ 35.086986588024672, 32.848578859989324 ], [ 35.086983045096687, 32.848579401283743 ], [ 35.08697950323095, 32.848579947087501 ], [ 35.086975961359222, 32.848580497399595 ], [ 35.08697242161557, 32.848581054025395 ], [ 35.086968882934173, 32.848581615160533 ], [ 35.0869653453138, 32.848582181706682 ], [ 35.086961809822704, 32.848582753664829 ], [ 35.086958274325625, 32.848583330131333 ], [ 35.086954739889592, 32.84858391200887 ], [ 35.086951207582807, 32.848584499298397 ], [ 35.086947676338262, 32.848585091097277 ], [ 35.086944145086541, 32.848585688306152 ], [ 35.086940615964096, 32.848586290927074 ], [ 35.086937087902697, 32.848586898958999 ], [ 35.086933561971726, 32.848587511501265 ], [ 35.086930036033586, 32.848588129453546 ], [ 35.0869265122247, 32.848588752817875 ], [ 35.086922989478055, 32.8485893806915 ], [ 35.086919467792427, 32.84859001397615 ], [ 35.086915947169047, 32.848590651770159 ], [ 35.086912428673728, 32.848591295877853 ], [ 35.086908910172433, 32.84859194449389 ], [ 35.086905393801558, 32.848592597620247 ], [ 35.086901879558759, 32.84859325706033 ], [ 35.086898365309956, 32.848593921008757 ], [ 35.086894853190429, 32.848594590369181 ], [ 35.086891342133107, 32.848595264238952 ], [ 35.086887833205033, 32.848595943520721 ], [ 35.086884325338019, 32.848596628213564 ], [ 35.086880818533196, 32.84859731741571 ], [ 35.086877312789419, 32.848598012028887 ], [ 35.087000762765975, 32.849083017376294 ], [ 35.087011594255408, 32.849080822913656 ], [ 35.087022447019756, 32.849078696096598 ], [ 35.087033316784968, 32.849076637822748 ], [ 35.087044204619275, 32.849074648093115 ], [ 35.087055110523885, 32.849072726005986 ], [ 35.087066033429409, 32.849070872462086 ], [ 35.087076971199437, 32.849069087459405 ], [ 35.087087924902214, 32.849067370998888 ], [ 35.087098891331898, 32.849065723979287 ], [ 35.087109874763811, 32.849064144601165 ], [ 35.087120869854459, 32.849062634662928 ], [ 35.087131879809718, 32.849061193265854 ], [ 35.087142900355538, 32.849059821307655 ], [ 35.087153933628414, 32.849058518790315 ], [ 35.087164978561319, 32.849057284811138 ], [ 35.087176033016618, 32.849056120269822 ], [ 35.0871870980626, 32.849055025167345 ], [ 35.08719817156399, 32.849053998600013 ], [ 35.087209254586725, 32.849053042372262 ], [ 35.087220344995508, 32.849052155580303 ], [ 35.087231442790404, 32.8490513382242 ], [ 35.087242549039651, 32.849050590304955 ], [ 35.087253659470363, 32.849049911818511 ], [ 35.08726477728726, 32.849049302767909 ], [ 35.087275900352722, 32.849048764052839 ], [ 35.08728702546329, 32.849048294768572 ], [ 35.087298156890725, 32.849047895820846 ], [ 35.087309290364495, 32.849047565402245 ], [ 35.08732042588106, 32.849047306217869 ], [ 35.087331565580492, 32.849047115564623 ], [ 35.087342704119315, 32.849046995240883 ], [ 35.087353843635164, 32.849046944346973 ], [ 35.087364985195151, 32.849046963785604 ], [ 35.087376125595767, 32.849047052652047 ], [ 35.08738726483589, 32.849047211847989 ], [ 35.087398400780245, 32.849047440469768 ], [ 35.087409536632364, 32.849047739422083 ], [ 35.087420668121752, 32.84904810689752 ], [ 35.087431797381328, 32.849048545603196 ], [ 35.087442921210013, 32.849049052830999 ], [ 35.087454039605447, 32.849049630384343 ], [ 35.087465153637055, 32.849050277362522 ], [ 35.087476263304886, 32.849050993765537 ], [ 35.087487364334869, 32.849051780491102 ], [ 35.087498457796443, 32.849052636638476 ], [ 35.087509544759051, 32.84905356130708 ], [ 35.08752062308389, 32.849054556298171 ], [ 35.087531692772174, 32.849055620710153 ] ] ] } },
{ "type": "Feature", "properties": { "HelkaMerhav": "חיפה", "TeurShita": "רשום", "GUSH": 10946, "MisparHelka": 58, "BaalutBefoal": "מדינה, קק\"ל, ר\"פ", "MatzavRishum": "ביטול רישום לאחר פרצלציה", "ShetachBaalutKKL": 7469, "Shape__Area": null, "achuz_baalut_kkl": 77, "key": "10946-58-0", "achuz_baalut_kkl_lastMonth": 100.0, "ShetachBaalutKKL_lastMonth": 4800.0, "Area_calc_lastMonth": null, "Area_calc": 0.0, "Areakkl_total_lastMonth": null, "Areakkl_total_current": 0.0, "Area_diff": null, "mavat_name_current": null, "mavat_name_lastMonth": null, "mavat_changed": true, "score_diff": null, "type_status": "changed" }, "geometry": { "type": "Polygon", "coordinates": [ ] } },
{ "type": "Feature", "properties": { "HelkaMerhav": "צפון והגולן", "TeurShita": "ארעי", "GUSH": 14011, "MisparHelka": 7, "BaalutBefoal": "קק\"ל", "MatzavRishum": "ביטול רישום לאחר הסדר", "ShetachBaalutKKL": 16067, "Shape__Area": 16092.993471874999, "achuz_baalut_kkl": 100, "key": "14011-7-0", "achuz_baalut_kkl_lastMonth": 49.0, "ShetachBaalutKKL_lastMonth": 8033.0, "Area_calc_lastMonth": 16092.99347187381, "Area_calc": 16092.993471873808, "Areakkl_total_lastMonth": 32842.843820150629, "Areakkl_total_current": 16092.993471873808, "Area_diff": -16749.850348276821, "mavat_name_current": "יעוד עפ\"י תכנית מאושרת אחרת", "mavat_name_lastMonth": "יעוד עפ\"י תכנית מאושרת אחרת", "mavat_changed": false, "score_diff": -83749.251741384098, "type_status": "changed" }, "geometry": { "type": "Polygon", "coordinates": [ [ [ 35.549582493995651, 33.228264672074651 ], [ 35.549466104967863, 33.228250343503156 ], [ 35.549342239529956, 33.228252941047636 ], [ 35.549199944162552, 33.228215016354113 ], [ 35.548528981244452, 33.22796892672288 ], [ 35.548136520497998, 33.227741787401627 ], [ 35.548004257398368, 33.227697071415427 ], [ 35.547831157300848, 33.22779729179252 ], [ 35.548008295265454, 33.227957968458554 ], [ 35.548243309194262, 33.228173146038614 ], [ 35.548582347958963, 33.228370002902963 ], [ 35.548647020895309, 33.228404762001645 ], [ 35.548947285203795, 33.2285448099679 ], [ 35.549193843564844, 33.228625273300125 ], [ 35.549352083792108, 33.228711052691366 ], [ 35.549539545554801, 33.228853102468065 ], [ 35.550046747140712, 33.22905681439655 ], [ 35.550425810622791, 33.229241721133072 ], [ 35.551193700894409, 33.229706174643979 ], [ 35.551503961862039, 33.229870983232423 ], [ 35.551722198273225, 33.229697374653441 ], [ 35.551439888383705, 33.229478954583335 ], [ 35.551271570550625, 33.229389261353582 ], [ 35.55081088921424, 33.229038910654317 ], [ 35.550686056881538, 33.228966564544884 ], [ 35.550351426529524, 33.228784352628956 ], [ 35.55020991441156, 33.228690075272169 ], [ 35.549582493995651, 33.228264672074651 ] ] ] } },
{ "type": "Feature", "properties": { "HelkaMerhav": "צפון והגולן", "TeurShita": "רשום", "GUSH": 14464, "MisparHelka": 1, "BaalutBefoal": "קק\"ל", "MatzavRishum": "רישום לאחר הסדר", "ShetachBaalutKKL": 141042, "Shape__Area": 141041.63603692999, "achuz_baalut_kkl": 100, "key": "14464-1-0", "achuz_baalut_kkl_lastMonth": 100.0, "ShetachBaalutKKL_lastMonth": 141118.0, "Area_calc_lastMonth": 141041.63603686439, "Area_calc": 141041.63603686437, "Areakkl_total_lastMonth": 141041.63603686439, "Areakkl_total_current": 141041.63603686437, "Area_diff": 0.0, "mavat_name_current": null, "mavat_name_lastMonth": null, "mavat_changed": false, "score_diff": 0.0, "type_status": "changed" }, "geometry": { "type": "Polygon", "coordinates": [ [ [ 35.529802614914495, 32.954797491929362 ], [ 35.529764726773791, 32.954731408270611 ], [ 35.529691182094567, 32.954624481773557 ], [ 35.529638745604849, 32.95455744411889 ], [ 35.529581091547627, 32.954496641521956 ], [ 35.529448050866563, 32.954380672715658 ], [ 35.529036289940493, 32.954114759781241 ], [ 35.528593001960346, 32.953883641455263 ], [ 35.528120042333718, 32.953668287427817 ], [ 35.528050684776396, 32.953975845359054 ], [ 35.527977114892074, 32.954301537651268 ], [ 35.527956171406565, 32.954394643906902 ], [ 35.527930911355597, 32.954506516005246 ], [ 35.527914702242533, 32.954578150321751 ], [ 35.527833870188303, 32.954936321309184 ], [ 35.527752931530529, 32.955294763002051 ], [ 35.527713196213909, 32.955425968172555 ], [ 35.527607095376787, 32.955776720527339 ], [ 35.527500993712664, 32.95612747277746 ], [ 35.527461152023569, 32.956259038794734 ], [ 35.527355049222066, 32.956609790900927 ], [ 35.527248945593506, 32.956960542902507 ], [ 35.527201177251506, 32.957118367799474 ], [ 35.527095072423641, 32.957469119649261 ], [ 35.526988859817116, 32.957819871670615 ], [ 35.526949123254255, 32.957951347056337 ], [ 35.526843016461832, 32.958302098657562 ], [ 35.526736908842281, 32.958652850154124 ], [ 35.526723591896278, 32.958696705492528 ], [ 35.527870229156086, 32.959976190536707 ], [ 35.5302607014183, 32.959641942929643 ], [ 35.5309123283239, 32.959582264391599 ], [ 35.530775887305943, 32.959448710904802 ], [ 35.530603263333688, 32.959279739633445 ], [ 35.53027424387431, 32.958957678347709 ], [ 35.52943706389609, 32.957532413535681 ], [ 35.529161486013024, 32.95690999039892 ], [ 35.528853184538598, 32.956213648189575 ], [ 35.529099722752925, 32.956072356722693 ], [ 35.529495034572591, 32.955845800249463 ], [ 35.529572682148093, 32.955801300199852 ], [ 35.530056681529608, 32.955523912262443 ], [ 35.53013071908601, 32.95548147978041 ], [ 35.529843434655611, 32.954875560105975 ], [ 35.529802614914495, 32.954797491929362 ] ] ] } },
{ "type": "Feature", "properties": { "HelkaMerhav": "צפון והגולן", "TeurShita": "שומה", "GUSH": 22665, "MisparHelka": 10, "BaalutBefoal": "קק\"ל", "MatzavRishum": "ביטול רישום לאחר פרצלציה", "ShetachBaalutKKL": 11388, "Shape__Area": null, "achuz_baalut_kkl": 100, "key": "22665-10-0", "achuz_baalut_kkl_lastMonth": 100.0, "ShetachBaalutKKL_lastMonth": 11354.0, "Area_calc_lastMonth": null, "Area_calc": 0.0, "Areakkl_total_lastMonth": null, "Areakkl_total_current": 0.0, "Area_diff": null, "mavat_name_current": null, "mavat_name_lastMonth": null, "mavat_changed": true, "score_diff": null, "type_status": "changed" }, "geometry": { "type": "Polygon", "coordinates": [ ] } },
{ "type": "Feature", "properties": { "HelkaMerhav": "צפון והגולן", "TeurShita": "שומה", "GUSH": 22665, "MisparHelka": 107, "BaalutBefoal": "קק\"ל, ר\"פ", "MatzavRishum": "ביטול רישום לאחר פרצלציה", "ShetachBaalutKKL": 1479, "Shape__Area": 21518.869490624998, "achuz_baalut_kkl": 6, "key": "22665-107-0", "achuz_baalut_kkl_lastMonth": 6.0, "ShetachBaalutKKL_lastMonth": 1452.0, "Area_calc_lastMonth": 21518.86949057307, "Area_calc": 21518.869490573066, "Areakkl_total_lastMonth": 358647.8248428845, "Areakkl_total_current": 358647.82484288444, "Area_diff": 0.0, "mavat_name_current": "מגורים ד'", "mavat_name_lastMonth": "קרקע חקלאית", "mavat_changed": true, "score_diff": -358647.8248428845, "type_status": "changed" }, "geometry": { "type": "Polygon", "coordinates": [ [ [ 35.556279176778212, 32.569338617926526 ], [ 35.553043039517377, 32.569672818945826 ], [ 35.553711639429359, 32.570285823664292 ], [ 35.556529498816481, 32.56999617320303 ], [ 35.556279176778212, 32.569338617926526 ] ] ] } },
{ "type": "Feature", "properties": { "HelkaMerhav": "צפון והגולן", "TeurShita": "שומה", "GUSH": 22665, "MisparHelka": 108, "BaalutBefoal": "קק\"ל, ר\"פ", "MatzavRishum": "ביטול רישום לאחר פרצלציה", "ShetachBaalutKKL": 537, "Shape__Area": 7814.8719, "achuz_baalut_kkl": 6, "key": "22665-108-0", "achuz_baalut_kkl_lastMonth": 6.0, "ShetachBaalutKKL_lastMonth": 551.0, "Area_calc_lastMonth": 7814.8718999935372, "Area_calc": 7814.8718999935372, "Areakkl_total_lastMonth": 130247.86499989229, "Areakkl_total_current": 130247.86499989229, "Area_diff": 0.0, "mavat_name_current": "מגורים בישוב כפרי", "mavat_name_lastMonth": "קרקע חקלאית", "mavat_changed": true, "score_diff": 911735.05499924603, "type_status": "changed" }, "geometry": { "type": "Polygon", "coordinates": [ [ [ 35.55360151780426, 32.570293456137428 ], [ 35.552939744572768, 32.569681559052796 ], [ 35.552394882124766, 32.569741117031931 ], [ 35.551943613169428, 32.57046937822161 ], [ 35.55360151780426, 32.570293456137428 ] ] ] } },
{ "type": "Feature", "properties": { "HelkaMerhav": "צפון והגולן", "TeurShita": "שומה", "GUSH": 22665, "MisparHelka": 109, "BaalutBefoal": "קק\"ל, ר\"פ", "MatzavRishum": "ביטול רישום לאחר פרצלציה", "ShetachBaalutKKL": 863, "Shape__Area": 12558.26153125, "achuz_baalut_kkl": 6, "key": "22665-109-0", "achuz_baalut_kkl_lastMonth": 6.0, "ShetachBaalutKKL_lastMonth": 839.0, "Area_calc_lastMonth": 12558.261531276799, "Area_calc": 12558.261531276803, "Areakkl_total_lastMonth": 209304.35885461333, "Areakkl_total_current": 209304.35885461338, "Area_diff": 0.0, "mavat_name_current": "קרקע חקלאית", "mavat_name_lastMonth": "קרקע חקלאית", "mavat_changed": false, "score_diff": 5.8207660913467407e-11, "type_status": "changed" }, "geometry": { "type": "Polygon", "coordinates": [ [ [ 35.55234365421488, 32.569746331032036 ], [ 35.550206559017418, 32.569966951098039 ], [ 35.550485095120663, 32.570616550833776 ], [ 35.551886573963408, 32.570477989558718 ], [ 35.55234365421488, 32.569746331032036 ] ] ] } },
{ "type": "Feature", "properties": { "HelkaMerhav": "צפון והגולן", "TeurShita": "רשום", "GUSH": 22665, "MisparHelka": 110, "BaalutBefoal": "מדינה, קק\"ל, ר\"פ", "MatzavRishum": "רישום ע\"פ שומה", "ShetachBaalutKKL": 2927, "Shape__Area": 23734.310643749999, "achuz_baalut_kkl": 12, "key": "22665-110-0", "achuz_baalut_kkl_lastMonth": 12.0, "ShetachBaalutKKL_lastMonth": 2983.0, "Area_calc_lastMonth": 23734.310643799199, "Area_calc": 23734.310643799196, "Areakkl_total_lastMonth": 197785.92203166001, "Areakkl_total_current": 197785.92203165998, "Area_diff": 0.0, "mavat_name_current": "קרקע חקלאית", "mavat_name_lastMonth": "קרקע חקלאית", "mavat_changed": false, "score_diff": -2.9103830456733704e-11, "type_status": "changed" }, "geometry": { "type": "Polygon", "coordinates": [ [ [ 35.549897662697667, 32.569252622900102 ], [ 35.550206559017418, 32.569966951098039 ], [ 35.55234365421488, 32.569746331032036 ], [ 35.552581928664345, 32.569359621858567 ], [ 35.55186844794617, 32.568797456877967 ], [ 35.549997497572207, 32.568992539995151 ], [ 35.549897662697667, 32.569252622900102 ] ] ] } },
{ "type": "Feature", "properties": { "HelkaMerhav": "צפון והגולן", "TeurShita": "שומה", "GUSH": 22665, "MisparHelka": 112, "BaalutBefoal": "קק\"ל, ר\"פ", "MatzavRishum": "ביטול רישום לאחר פרצלציה", "ShetachBaalutKKL": 496, "Shape__Area": 3972.5735437500002, "achuz_baalut_kkl": 12, "key": "22665-112-0", "achuz_baalut_kkl_lastMonth": 12.0, "ShetachBaalutKKL_lastMonth": 517.0, "Area_calc_lastMonth": 3972.5735437537951, "Area_calc": 3972.5735437537951, "Areakkl_total_lastMonth": 33104.779531281631, "Areakkl_total_current": 33104.779531281631, "Area_diff": 0.0, "mavat_name_current": "קרקע חקלאית", "mavat_name_lastMonth": "קרקע חקלאית", "mavat_changed": false, "score_diff": 0.0, "type_status": "changed" }, "geometry": { "type": "Polygon", "coordinates": [ [ [ 35.55198373159984, 32.568791502381281 ], [ 35.552636110030896, 32.569300859885502 ], [ 35.553304316594328, 32.568653149048629 ], [ 35.55198373159984, 32.568791502381281 ] ] ] } },
{ "type": "Feature", "properties": { "HelkaMerhav": "צפון והגולן", "TeurShita": "שומה", "GUSH": 22665, "MisparHelka": 113, "BaalutBefoal": "קק\"ל, ר\"פ", "MatzavRishum": "ביטול רישום לאחר פרצלציה", "ShetachBaalutKKL": 4068, "Shape__Area": 32544.369528125, "achuz_baalut_kkl": 12, "key": "22665-113-0", "achuz_baalut_kkl_lastMonth": 12.0, "ShetachBaalutKKL_lastMonth": 4131.0, "Area_calc_lastMonth": 32544.369528123028, "Area_calc": 32544.369528123032, "Areakkl_total_lastMonth": 271203.07940102526, "Areakkl_total_current": 271203.07940102526, "Area_diff": 0.0, "mavat_name_current": "קרקע חקלאית", "mavat_name_lastMonth": "קרקע חקלאית", "mavat_changed": false, "score_diff": 0.0, "type_status": "changed" }, "geometry": { "type": "Polygon", "coordinates": [ [ [ 35.556279176778212, 32.569338617926526 ], [ 35.555915701769727, 32.568379301974915 ], [ 35.553369336665384, 32.568643387762286 ], [ 35.552676821739674, 32.569330053025148 ], [ 35.553043039517377, 32.569672818945826 ], [ 35.556279176778212, 32.569338617926526 ] ] ] } },
{ "type": "Feature", "properties": { "HelkaMerhav": "צפון והגולן", "TeurShita": "שומה", "GUSH": 22665, "MisparHelka": 13, "BaalutBefoal": "קק\"ל, ר\"פ", "MatzavRishum": "ביטול רישום לאחר פרצלציה", "ShetachBaalutKKL": 1566, "Shape__Area": null, "achuz_baalut_kkl": 62, "key": "22665-13-0", "achuz_baalut_kkl_lastMonth": 62.0, "ShetachBaalutKKL_lastMonth": 1550.0, "Area_calc_lastMonth": null, "Area_calc": 0.0, "Areakkl_total_lastMonth": null, "Areakkl_total_current": 0.0, "Area_diff": null, "mavat_name_current": null, "mavat_name_lastMonth": null, "mavat_changed": true, "score_diff": null, "type_status": "changed" }, "geometry": { "type": "Polygon", "coordinates": [ ] } },
{ "type": "Feature", "properties": { "HelkaMerhav": "צפון והגולן", "TeurShita": "רשום", "GUSH": 22665, "MisparHelka": 132, "BaalutBefoal": "מדינה, קק\"ל, ר\"פ", "MatzavRishum": "רישום ע\"פ שומה", "ShetachBaalutKKL": 202, "Shape__Area": 3126.357725, "achuz_baalut_kkl": 6, "key": "22665-132-0", "achuz_baalut_kkl_lastMonth": 6.0, "ShetachBaalutKKL_lastMonth": 214.0, "Area_calc_lastMonth": 3126.3577250378439, "Area_calc": 3126.3577250378439, "Areakkl_total_lastMonth": 52105.96208396407, "Areakkl_total_current": 52105.96208396407, "Area_diff": 0.0, "mavat_name_current": "קרקע חקלאית", "mavat_name_lastMonth": "קרקע חקלאית", "mavat_changed": false, "score_diff": 0.0, "type_status": "changed" }, "geometry": { "type": "Polygon", "coordinates": [ [ [ 35.548735832899666, 32.56478327167828 ], [ 35.548787114315338, 32.564923461673992 ], [ 35.548829607897567, 32.565114961158507 ], [ 35.548853337908312, 32.565272697468906 ], [ 35.548873633528515, 32.565446223314872 ], [ 35.548915212290126, 32.565920640480542 ], [ 35.549008989887291, 32.566557224411163 ], [ 35.549184486663016, 32.566547162368529 ], [ 35.548867180185255, 32.564584532979609 ], [ 35.548742496957203, 32.56461136267086 ], [ 35.548678708755837, 32.564638025473876 ], [ 35.548735832899666, 32.56478327167828 ] ] ] } },
{ "type": "Feature", "properties": { "HelkaMerhav": "צפון והגולן", "TeurShita": "שומה", "GUSH": 22665, "MisparHelka": 2, "BaalutBefoal": "קק\"ל, ר\"פ", "MatzavRishum": "ביטול רישום לאחר פרצלציה", "ShetachBaalutKKL": 1203, "Shape__Area": 4812.94425, "achuz_baalut_kkl": 24, "key": "22665-2-0", "achuz_baalut_kkl_lastMonth": 24.0, "ShetachBaalutKKL_lastMonth": 1075.0, "Area_calc_lastMonth": 4812.9442499798324, "Area_calc": 4812.9442499798315, "Areakkl_total_lastMonth": 20053.934374915971, "Areakkl_total_current": 20053.934374915967, "Area_diff": 0.0, "mavat_name_current": "מגורים בישוב כפרי", "mavat_name_lastMonth": "מגורים בישוב כפרי", "mavat_changed": false, "score_diff": -2.9103830456733704e-11, "type_status": "changed" }, "geometry": { "type": "Polygon", "coordinates": [ [ [ 35.567411876066338, 32.569615234845855 ], [ 35.567396303265227, 32.569508200508466 ], [ 35.563228532251891, 32.569954120741144 ], [ 35.563237348605782, 32.569973396902128 ], [ 35.563278216269559, 32.570062748944252 ], [ 35.567411876066338, 32.569615234845855 ] ] ] } },
{ "type": "Feature", "properties": { "HelkaMerhav": "צפון והגולן", "TeurShita": "שומה", "GUSH": 22665, "MisparHelka": 27, "BaalutBefoal": "קק\"ל, ר\"פ", "MatzavRishum": "ביטול רישום לאחר פרצלציה", "ShetachBaalutKKL": 5567, "Shape__Area": 11134.5008375, "achuz_baalut_kkl": 49, "key": "22665-27-0", "achuz_baalut_kkl_lastMonth": 50.0, "ShetachBaalutKKL_lastMonth": 5677.0, "Area_calc_lastMonth": 11134.50083750976, "Area_calc": 11134.500837509755, "Areakkl_total_lastMonth": 22269.001675019521, "Areakkl_total_current": 22723.471096958685, "Area_diff": 454.46942193916402, "mavat_name_current": "קרקע חקלאית", "mavat_name_lastMonth": "קרקע חקלאית", "mavat_changed": false, "score_diff": 454.46942193916402, "type_status": "changed" }, "geometry": { "type": "Polygon", "coordinates": [ [ [ 35.563741725249592, 32.559113963496536 ], [ 35.563375745219915, 32.559540509216163 ], [ 35.56280363545681, 32.560052741713918 ], [ 35.564679675529796, 32.559852381805797 ], [ 35.564584412970973, 32.559453079194952 ], [ 35.564484574341911, 32.559037639746748 ], [ 35.564484257092893, 32.559036319632476 ], [ 35.563741725249592, 32.559113963496536 ] ] ] } },
{ "type": "Feature", "properties": { "HelkaMerhav": "צפון והגולן", "TeurShita": "שומה", "GUSH": 22665, "MisparHelka": 32, "BaalutBefoal": "קק\"ל, ר\"פ", "MatzavRishum": "ביטול רישום לאחר פרצלציה", "ShetachBaalutKKL": 2066, "Shape__Area": 16528.496202574999, "achuz_baalut_kkl": 12, "key": "22665-32-0", "achuz_baalut_kkl_lastMonth": 12.0, "ShetachBaalutKKL_lastMonth": 2097.0, "Area_calc_lastMonth": 16528.4962023921, "Area_calc": 16528.4962023921, "Areakkl_total_lastMonth": 137737.4683532675, "Areakkl_total_current": 137737.4683532675, "Area_diff": 0.0, "mavat_name_current": "קרקע חקלאית", "mavat_name_lastMonth": "קרקע חקלאית", "mavat_changed": false, "score_diff": 0.0, "type_status": "changed" }, "geometry": { "type": "Polygon", "coordinates": [ [ [ 35.567861442884123, 32.557355033644079 ], [ 35.567750027934864, 32.557202626495538 ], [ 35.56766296211012, 32.557064801876308 ], [ 35.564213377553166, 32.557449950400972 ], [ 35.564151831624393, 32.557456821822804 ], [ 35.564258341580853, 32.557875931503148 ], [ 35.56801199204056, 32.557475767229903 ], [ 35.567861442884123, 32.557355033644079 ] ] ] } },
{ "type": "Feature", "properties": { "HelkaMerhav": "צפון והגולן", "TeurShita": "שומה", "GUSH": 22665, "MisparHelka": 33, "BaalutBefoal": "קק\"ל, ר\"פ", "MatzavRishum": "ביטול רישום לאחר פרצלציה", "ShetachBaalutKKL": 6222, "Shape__Area": 11488.411186654999, "achuz_baalut_kkl": 54, "key": "22665-33-0", "achuz_baalut_kkl_lastMonth": 54.0, "ShetachBaalutKKL_lastMonth": 6100.0, "Area_calc_lastMonth": 11488.411186665, "Area_calc": 11488.411186664996, "Areakkl_total_lastMonth": 21274.83553086111, "Areakkl_total_current": 21274.835530861103, "Area_diff": 0.0, "mavat_name_current": "קרקע חקלאית", "mavat_name_lastMonth": "קרקע חקלאית", "mavat_changed": false, "score_diff": -7.2759576141834259e-12, "type_status": "changed" }, "geometry": { "type": "Polygon", "coordinates": [ [ [ 35.568096012627947, 32.557559497072049 ], [ 35.56801199204056, 32.557475767229903 ], [ 35.564258341580853, 32.557875931503148 ], [ 35.56433042151447, 32.558159559384805 ], [ 35.568203717902314, 32.557740657030593 ], [ 35.568096012627947, 32.557559497072049 ] ] ] } },
{ "type": "Feature", "properties": { "HelkaMerhav": "צפון והגולן", "TeurShita": "שומה", "GUSH": 22665, "MisparHelka": 63, "BaalutBefoal": "קק\"ל, ר\"פ", "MatzavRishum": "ביטול רישום לאחר פרצלציה", "ShetachBaalutKKL": 5885, "Shape__Area": 11770.482506165001, "achuz_baalut_kkl": 50, "key": "22665-63-0", "achuz_baalut_kkl_lastMonth": 50.0, "ShetachBaalutKKL_lastMonth": 5631.0, "Area_calc_lastMonth": 11770.482506120559, "Area_calc": 11770.482506120563, "Areakkl_total_lastMonth": 23540.965012241119, "Areakkl_total_current": 23540.965012241126, "Area_diff": 0.0, "mavat_name_current": "קרקע חקלאית", "mavat_name_lastMonth": "קרקע חקלאית", "mavat_changed": false, "score_diff": 7.2759576141834259e-12, "type_status": "changed" }, "geometry": { "type": "Polygon", "coordinates": [ [ [ 35.568427286673305, 32.568239992183507 ], [ 35.568845448827197, 32.568000951631156 ], [ 35.568818934588762, 32.56786295252256 ], [ 35.567250910834353, 32.568028107733966 ], [ 35.567474630570103, 32.569721599983716 ], [ 35.567677555599346, 32.56927406776704 ], [ 35.567885082184617, 32.56878879300082 ], [ 35.568427286673305, 32.568239992183507 ] ] ] } },
{ "type": "Feature", "properties": { "HelkaMerhav": "צפון והגולן", "TeurShita": "שומה", "GUSH": 22665, "MisparHelka": 64, "BaalutBefoal": "קק\"ל, ר\"פ", "MatzavRishum": "ביטול רישום לאחר פרצלציה", "ShetachBaalutKKL": 2598, "Shape__Area": 10391.71192421, "achuz_baalut_kkl": 25, "key": "22665-64-0", "achuz_baalut_kkl_lastMonth": 24.0, "ShetachBaalutKKL_lastMonth": 2356.0, "Area_calc_lastMonth": 10391.711924688119, "Area_calc": 10391.711924688116, "Areakkl_total_lastMonth": 43298.799686200502, "Areakkl_total_current": 41566.847698752463, "Area_diff": -1731.9519874480393, "mavat_name_current": "קרקע חקלאית", "mavat_name_lastMonth": "קרקע חקלאית", "mavat_changed": false, "score_diff": -1731.9519874480393, "type_status": "changed" }, "geometry": { "type": "Polygon", "coordinates": [ [ [ 35.563283300426058, 32.570211518328421 ], [ 35.563247438044549, 32.570105668547797 ], [ 35.559042354155586, 32.570553810947125 ], [ 35.554538178407988, 32.571033642985888 ], [ 35.554648980493496, 32.571137315310921 ], [ 35.557649403641939, 32.570820573344562 ], [ 35.558902269269154, 32.570681859116903 ], [ 35.560915682502866, 32.570469835326605 ], [ 35.562255570240978, 32.570324143765319 ], [ 35.563283300426058, 32.570211518328421 ] ] ] } },
{ "type": "Feature", "properties": { "HelkaMerhav": "צפון והגולן", "TeurShita": "שומה", "GUSH": 22665, "MisparHelka": 65, "BaalutBefoal": "קק\"ל, ר\"פ", "MatzavRishum": "ביטול רישום לאחר פרצלציה", "ShetachBaalutKKL": 1167, "Shape__Area": 4669.6953897800004, "achuz_baalut_kkl": 24, "key": "22665-65-0", "achuz_baalut_kkl_lastMonth": 24.0, "ShetachBaalutKKL_lastMonth": 1001.0, "Area_calc_lastMonth": 4669.6953898451238, "Area_calc": 4669.6953898451238, "Areakkl_total_lastMonth": 19457.064124354682, "Areakkl_total_current": 19457.064124354682, "Area_diff": 0.0, "mavat_name_current": "קרקע חקלאית", "mavat_name_lastMonth": "קרקע חקלאית", "mavat_changed": false, "score_diff": 0.0, "type_status": "changed" }, "geometry": { "type": "Polygon", "coordinates": [ [ [ 35.554574697757076, 32.571178453195998 ], [ 35.554426501377975, 32.571040779160448 ], [ 35.551392612876747, 32.571356277841261 ], [ 35.551323518984852, 32.57149592962746 ], [ 35.55303544242075, 32.57132885149538 ], [ 35.554574697757076, 32.571178453195998 ] ] ] } },
{ "type": "Feature", "properties": { "HelkaMerhav": "צפון והגולן", "TeurShita": "שומה", "GUSH": 22665, "MisparHelka": 66, "BaalutBefoal": "קק\"ל, ר\"פ", "MatzavRishum": "ביטול רישום לאחר פרצלציה", "ShetachBaalutKKL": 438, "Shape__Area": 1754.5433926549999, "achuz_baalut_kkl": 24, "key": "22665-66-0", "achuz_baalut_kkl_lastMonth": 24.0, "ShetachBaalutKKL_lastMonth": 392.0, "Area_calc_lastMonth": 1754.5433926482051, "Area_calc": 1754.5433926482049, "Areakkl_total_lastMonth": 7310.5974693675216, "Areakkl_total_current": 7310.5974693675207, "Area_diff": 0.0, "mavat_name_current": "קרקע חקלאית", "mavat_name_lastMonth": "קרקע חקלאית", "mavat_changed": false, "score_diff": -9.0949470177292824e-13, "type_status": "changed" }, "geometry": { "type": "Polygon", "coordinates": [ [ [ 35.550888313741702, 32.571539140380388 ], [ 35.550975815004541, 32.571749676396074 ], [ 35.551128993793775, 32.572115277750939 ], [ 35.551260854556951, 32.571492463229312 ], [ 35.551337399282914, 32.571363756739288 ], [ 35.550832254291457, 32.571413053976443 ], [ 35.550888313741702, 32.571539140380388 ] ] ] } },
{ "type": "Feature", "properties": { "HelkaMerhav": "צפון והגולן", "TeurShita": "רשום", "GUSH": 22761, "MisparHelka": 1, "BaalutBefoal": "מדינה, קק\"ל", "MatzavRishum": "רישום ע\"פ שומה", "ShetachBaalutKKL": 69458, "Shape__Area": 71921.143814340001, "achuz_baalut_kkl": 96, "key": "22761-1-0", "achuz_baalut_kkl_lastMonth": 100.0, "ShetachBaalutKKL_lastMonth": 71707.0, "Area_calc_lastMonth": 71921.143814406765, "Area_calc": 71921.143814406765, "Areakkl_total_lastMonth": 71921.143814406765, "Areakkl_total_current": 74917.858140007054, "Area_diff": 2996.7143256002892, "mavat_name_current": "קרקע חקלאית", "mavat_name_lastMonth": "קרקע חקלאית", "mavat_changed": false, "score_diff": 2996.7143256002892, "type_status": "changed" }, "geometry": { "type": "Polygon", "coordinates": [ [ [ 35.554081033076876, 32.563533809133418 ], [ 35.553623440413062, 32.562301084509116 ], [ 35.548117718851579, 32.563386608782622 ], [ 35.549052241706804, 32.564504281033258 ], [ 35.554081033076876, 32.563533809133418 ] ] ] } },
{ "type": "Feature", "properties": { "HelkaMerhav": "צפון והגולן", "TeurShita": "רשום", "GUSH": 22761, "MisparHelka": 10, "BaalutBefoal": "קק\"ל", "MatzavRishum": "ביטול רישום לאחר פרצלציה", "ShetachBaalutKKL": 35854, "Shape__Area": null, "achuz_baalut_kkl": 100, "key": "22761-10-0", "achuz_baalut_kkl_lastMonth": 100.0, "ShetachBaalutKKL_lastMonth": 35758.0, "Area_calc_lastMonth": null, "Area_calc": 0.0, "Areakkl_total_lastMonth": null, "Areakkl_total_current": 0.0, "Area_diff": null, "mavat_name_current": null, "mavat_name_lastMonth": null, "mavat_changed": true, "score_diff": null, "type_status": "changed" }, "geometry": { "type": "Polygon", "coordinates": [ ] } },
{ "type": "Feature", "properties": { "HelkaMerhav": "צפון והגולן", "TeurShita": "רשום", "GUSH": 22761, "MisparHelka": 13, "BaalutBefoal": "מדינה, קק\"ל", "MatzavRishum": "רישום ע\"פ שומה", "ShetachBaalutKKL": 33004, "Shape__Area": 35351.871526125004, "achuz_baalut_kkl": 92, "key": "22761-13-0", "achuz_baalut_kkl_lastMonth": 100.0, "ShetachBaalutKKL_lastMonth": 35853.0, "Area_calc_lastMonth": 35351.871526140021, "Area_calc": 35351.871526140021, "Areakkl_total_lastMonth": 35351.871526140021, "Areakkl_total_current": 38425.947311021759, "Area_diff": 3074.0757848817375, "mavat_name_current": "קרקע חקלאית", "mavat_name_lastMonth": "קרקע חקלאית", "mavat_changed": false, "score_diff": 3074.0757848817375, "type_status": "changed" }, "geometry": { "type": "Polygon", "coordinates": [ [ [ 35.547960229746643, 32.558296117496802 ], [ 35.548028146923805, 32.558218564046207 ], [ 35.54805929921821, 32.558165379133598 ], [ 35.548067275240264, 32.55809244761948 ], [ 35.54807613348644, 32.557981687315589 ], [ 35.548084468483573, 32.557944838163635 ], [ 35.548098098619178, 32.557909137757363 ], [ 35.548116815144461, 32.557875131306524 ], [ 35.54814033467337, 32.557843336270999 ], [ 35.548075611069159, 32.55787591393343 ], [ 35.547899359577308, 32.557901756589288 ], [ 35.547580926640713, 32.557900371935503 ], [ 35.547315428711165, 32.557950691170234 ], [ 35.547026918665026, 32.558074901134539 ], [ 35.546994304402645, 32.55807329928583 ], [ 35.546859659781276, 32.558015617717345 ], [ 35.546708293117845, 32.557935438460241 ], [ 35.546659016613084, 32.557927118968962 ], [ 35.546487668453032, 32.557929839645396 ], [ 35.546450553544418, 32.557925995594267 ], [ 35.546249692016175, 32.557867366359375 ], [ 35.546197280002744, 32.557865818135646 ], [ 35.546147568298103, 32.557874406934083 ], [ 35.546065321419761, 32.557902245753588 ], [ 35.545946850528573, 32.55798885084269 ], [ 35.543693453132398, 32.558036878250718 ], [ 35.544842423235856, 32.559397765180705 ], [ 35.544873215220171, 32.559382211832506 ], [ 35.544915806387358, 32.559366496669526 ], [ 35.544957128460673, 32.559355326006589 ], [ 35.544991628517444, 32.55935007108048 ], [ 35.544993825734551, 32.559349946100241 ], [ 35.544996015256494, 32.55934975711849 ], [ 35.544998197079835, 32.55934950323352 ], [ 35.545000365880767, 32.559349184459748 ], [ 35.545002521662695, 32.55934880169886 ], [ 35.545004659105217, 32.559348355867051 ], [ 35.54500677714357, 32.55934784696715 ], [ 35.545008873651632, 32.559347275906674 ], [ 35.545010944373757, 32.559346643598872 ], [ 35.545012988241794, 32.559345949144934 ], [ 35.545015002071644, 32.559345195258608 ], [ 35.54501698267245, 32.559344382850313 ], [ 35.545018930044208, 32.559343511920027 ], [ 35.545121961030695, 32.559291510796129 ], [ 35.545312718120158, 32.559182565977139 ], [ 35.545337928929435, 32.559158979773109 ], [ 35.545358009954654, 32.559132090939919 ], [ 35.545372371118702, 32.559102691891447 ], [ 35.545387763897359, 32.559064528903235 ], [ 35.54539648394497, 32.559034578870488 ], [ 35.5454107711262, 32.558986752408188 ], [ 35.545425108944713, 32.558954569797805 ], [ 35.545475750125355, 32.558887242333419 ], [ 35.54551825353763, 32.558839415948725 ], [ 35.545577028630085, 32.558809030700949 ], [ 35.545642187154272, 32.558785170098737 ], [ 35.545703158878098, 32.558771406600727 ], [ 35.545755116020125, 32.558767135641673 ], [ 35.54584902352159, 32.558768124998231 ], [ 35.545961634700852, 32.558780922929486 ], [ 35.546042430139416, 32.558791318470135 ], [ 35.546082652238383, 32.558795688916618 ], [ 35.546123174352729, 32.558794374073344 ], [ 35.546162882864877, 32.558787409429534 ], [ 35.546213809910562, 32.558773469201157 ], [ 35.546263832160811, 32.55875735375178 ], [ 35.546298700160079, 32.558743632993959 ], [ 35.546335565562046, 32.558734382044669 ], [ 35.546373631637266, 32.558729805055329 ], [ 35.546412079944844, 32.558729996227186 ], [ 35.546561900064745, 32.558735405564789 ], [ 35.546653755133349, 32.558747736366882 ], [ 35.546780477620992, 32.558751814259928 ], [ 35.546907949968393, 32.558753716829962 ], [ 35.546945016415251, 32.558750315532649 ], [ 35.546981175341763, 32.558742621791247 ], [ 35.547015738399175, 32.558730782659921 ], [ 35.547048045217991, 32.558715022665439 ], [ 35.547105380276648, 32.558677667606538 ], [ 35.54716661971986, 32.558645059366228 ], [ 35.547231218428919, 32.558617487075018 ], [ 35.547637436460427, 32.55842903309361 ], [ 35.547686825829672, 32.558417121737328 ], [ 35.547773346624197, 32.558394317129128 ], [ 35.547839657284847, 32.558375738142786 ], [ 35.547886870391402, 32.558350453790226 ], [ 35.547960229746643, 32.558296117496802 ] ] ] } },
{ "type": "Feature", "properties": { "HelkaMerhav": "צפון והגולן", "TeurShita": "שומה", "GUSH": 22761, "MisparHelka": 14, "BaalutBefoal": "קק\"ל", "MatzavRishum": "ביטול רישום לאחר פרצלציה", "ShetachBaalutKKL": 239570, "Shape__Area": null, "achuz_baalut_kkl": 100, "key": "22761-14-0", "achuz_baalut_kkl_lastMonth": 100.0, "ShetachBaalutKKL_lastMonth": 239342.0, "Area_calc_lastMonth": null, "Area_calc": 0.0, "Areakkl_total_lastMonth": null, "Areakkl_total_current": 0.0, "Area_diff": null, "mavat_name_current": null, "mavat_name_lastMonth": null, "mavat_changed": true, "score_diff": null, "type_status": "changed" }, "geometry": { "type": "Polygon", "coordinates": [ ] } },
{ "type": "Feature", "properties": { "HelkaMerhav": "צפון והגולן", "TeurShita": "רשום", "GUSH": 22761, "MisparHelka": 16, "BaalutBefoal": "מדינה, קק\"ל", "MatzavRishum": "רישום ע\"פ שומה", "ShetachBaalutKKL": 252137, "Shape__Area": 262150.73893087503, "achuz_baalut_kkl": 96, "key": "22761-16-0", "achuz_baalut_kkl_lastMonth": 100.0, "ShetachBaalutKKL_lastMonth": 261737.0, "Area_calc_lastMonth": 262150.73893126869, "Area_calc": 262150.73893126869, "Areakkl_total_lastMonth": 262150.73893126869, "Areakkl_total_current": 273073.68638673821, "Area_diff": 10922.947455469519, "mavat_name_current": "קרקע חקלאית", "mavat_name_lastMonth": "קרקע חקלאית", "mavat_changed": false, "score_diff": 10922.947455469519, "type_status": "changed" }, "geometry": { "type": "Polygon", "coordinates": [ [ [ 35.546809260645546, 32.554250495808105 ], [ 35.54689973023023, 32.554242359302599 ], [ 35.547185162343865, 32.554230873438229 ], [ 35.547440186893738, 32.554316405175662 ], [ 35.547514334576668, 32.554347199587681 ], [ 35.547945822143532, 32.554420413466559 ], [ 35.548019577765942, 32.554435428489526 ], [ 35.548240211139493, 32.554445533246195 ], [ 35.548663994789365, 32.554417885413031 ], [ 35.54905286291325, 32.554526153964304 ], [ 35.549194454879519, 32.554530837927665 ], [ 35.54979835890579, 32.554403502593885 ], [ 35.550444199348561, 32.55432338942353 ], [ 35.550609214526126, 32.554276159129081 ], [ 35.549958488521909, 32.553500456316641 ], [ 35.549010687969577, 32.552370587540643 ], [ 35.543983761879197, 32.552433859288847 ], [ 35.542742535586569, 32.551937875950316 ], [ 35.540001033614701, 32.550300140313205 ], [ 35.539049914163087, 32.550310857648185 ], [ 35.539004086710833, 32.550620797690556 ], [ 35.539138392161398, 32.551004215885364 ], [ 35.540325689849801, 32.553134928042304 ], [ 35.541921537967397, 32.555554609160559 ], [ 35.542164409296717, 32.555554500639303 ], [ 35.542217182030846, 32.555519417062058 ], [ 35.542287163103438, 32.555504012418083 ], [ 35.542338811090062, 32.55547963977984 ], [ 35.542391565748417, 32.555440047560218 ], [ 35.542423303080724, 32.555429817843873 ], [ 35.542505485238145, 32.555429596858637 ], [ 35.542552538396841, 32.555422143806105 ], [ 35.54260530878777, 32.555386496495167 ], [ 35.542886450035191, 32.555205958751699 ], [ 35.543117754977885, 32.555089238883141 ], [ 35.543201958917876, 32.555048827587242 ], [ 35.543259399645258, 32.555016548879159 ], [ 35.543285402286735, 32.555001540839328 ], [ 35.543321309588158, 32.554950158517734 ], [ 35.543464281918503, 32.554835366835817 ], [ 35.543498284917909, 32.554808223420601 ], [ 35.543533681299813, 32.554797983555154 ], [ 35.543594876538876, 32.554791055542324 ], [ 35.54364692167411, 32.554784152190237 ], [ 35.543874293421311, 32.554683785283501 ], [ 35.543909848382469, 32.554671290575101 ], [ 35.543977373152288, 32.554666599592807 ], [ 35.544087421400057, 32.554644322794751 ], [ 35.544123755382934, 32.554620724801858 ], [ 35.544153155699505, 32.554564287629255 ], [ 35.54419757547425, 32.554432290503406 ], [ 35.54424300187285, 32.554346503975417 ], [ 35.544267325325372, 32.55431149643394 ], [ 35.544302668317961, 32.554287167064651 ], [ 35.544376263893419, 32.554259916365019 ], [ 35.544467071549526, 32.554208948821696 ], [ 35.544530592980827, 32.554157491457218 ], [ 35.544564055667848, 32.554119641246338 ], [ 35.545064991380734, 32.554081652387005 ], [ 35.54535854891212, 32.554019426698986 ], [ 35.545418418996015, 32.554014192125848 ], [ 35.545455532251829, 32.554018036495158 ], [ 35.545649833741543, 32.554103736585162 ], [ 35.545694801387945, 32.554117140378004 ], [ 35.545730372934415, 32.554109153728547 ], [ 35.545786229098617, 32.554098294104868 ], [ 35.545843424657974, 32.554089685127948 ], [ 35.545901067638638, 32.554111508081611 ], [ 35.546084095144963, 32.554251341534339 ], [ 35.546120242934087, 32.554263641989159 ], [ 35.546178973981092, 32.554265173076296 ], [ 35.54621438265599, 32.554258313887253 ], [ 35.546295465665267, 32.554231605286979 ], [ 35.546406702157277, 32.554216086157055 ], [ 35.546809260645546, 32.554250495808105 ] ] ] } },
{ "type": "Feature", "properties": { "HelkaMerhav": "צפון והגולן", "TeurShita": "רשום", "GUSH": 22761, "MisparHelka": 2, "BaalutBefoal": "קק\"ל", "MatzavRishum": "ביטול רישום לאחר פרצלציה", "ShetachBaalutKKL": 176030, "Shape__Area": null, "achuz_baalut_kkl": 100, "key": "22761-2-0", "achuz_baalut_kkl_lastMonth": 100.0, "ShetachBaalutKKL_lastMonth": 175796.0, "Area_calc_lastMonth": null, "Area_calc": 0.0, "Areakkl_total_lastMonth": null, "Areakkl_total_current": 0.0, "Area_diff": null, "mavat_name_current": null, "mavat_name_lastMonth": null, "mavat_changed": true, "score_diff": null, "type_status": "changed" }, "geometry": { "type": "Polygon", "coordinates": [ ] } },
{ "type": "Feature", "properties": { "HelkaMerhav": "צפון והגולן", "TeurShita": "רשום", "GUSH": 22761, "MisparHelka": 5, "BaalutBefoal": "מדינה, קק\"ל", "MatzavRishum": "רישום ע\"פ שומה", "ShetachBaalutKKL": 36071, "Shape__Area": 39134.059211054999, "achuz_baalut_kkl": 92, "key": "22761-5-0", "achuz_baalut_kkl_lastMonth": 100.0, "ShetachBaalutKKL_lastMonth": 39071.0, "Area_calc_lastMonth": 39134.059211023014, "Area_calc": 39134.059211023006, "Areakkl_total_lastMonth": 39134.059211023014, "Areakkl_total_current": 42537.020881546741, "Area_diff": 3402.9616705237277, "mavat_name_current": "קרקע חקלאית", "mavat_name_lastMonth": "קרקע חקלאית", "mavat_changed": false, "score_diff": 3402.9616705237277, "type_status": "changed" }, "geometry": { "type": "Polygon", "coordinates": [ [ [ 35.547114535126596, 32.562172056903663 ], [ 35.547189995114245, 32.56209236252419 ], [ 35.547194041690716, 32.561970352052626 ], [ 35.547222557323714, 32.561942407460698 ], [ 35.547348665940689, 32.561869020362266 ], [ 35.547422032266624, 32.561822399518789 ], [ 35.547452818962014, 32.561800320694005 ], [ 35.547472600223323, 32.561787290023112 ], [ 35.547494203226684, 32.561777304002412 ], [ 35.547516706475577, 32.561768846645585 ], [ 35.547558131385422, 32.561756516134757 ], [ 35.547620103973863, 32.561734460341754 ], [ 35.547676803881956, 32.56170911139855 ], [ 35.547721175924977, 32.561686667182791 ], [ 35.54775269420125, 32.561676658546773 ], [ 35.547814042075728, 32.561672884082121 ], [ 35.547907278759119, 32.561670282160541 ], [ 35.547909969646085, 32.561669480390073 ], [ 35.547912632601118, 32.561668613771879 ], [ 35.547915265498112, 32.561667683213464 ], [ 35.547917865139226, 32.561666687821855 ], [ 35.547920430469979, 32.561665630305107 ], [ 35.547922958296027, 32.561664510671939 ], [ 35.547925447559429, 32.561663330728713 ], [ 35.54792789612717, 32.561662089579499 ], [ 35.54793030081521, 32.561660789938195 ], [ 35.547932660562161, 32.561659432709419 ], [ 35.547934973238469, 32.561658017898978 ], [ 35.547937237789647, 32.561656548214991 ], [ 35.547939449956544, 32.561655023668983 ], [ 35.547941610807392, 32.561653445159862 ], [ 35.547943717158113, 32.561651815401461 ], [ 35.54794576688257, 32.561650135301335 ], [ 35.54794775891942, 32.56164840576406 ], [ 35.547949691145966, 32.561646628598943 ], [ 35.547951562500842, 32.561644804710575 ], [ 35.547953371929573, 32.561642936807011 ], [ 35.547955116237809, 32.561641024897 ], [ 35.547956795435844, 32.561639071685676 ], [ 35.547958407400984, 32.561637078982258 ], [ 35.547959951068457, 32.561635046789711 ], [ 35.547961425387207, 32.561632978717775 ], [ 35.547962829295891, 32.561630875671078 ], [ 35.547964160668357, 32.561628738557133 ], [ 35.547965419518377, 32.561626570982824 ], [ 35.547966603716368, 32.561624372953958 ], [ 35.547967713272648, 32.56162214717569 ], [ 35.54796874712931, 32.561619895454349 ], [ 35.548011753393759, 32.561549803345578 ], [ 35.548021926122246, 32.561527921393825 ], [ 35.548023139994299, 32.561524290446307 ], [ 35.548024432736042, 32.561520679121081 ], [ 35.548025804350907, 32.561517088319839 ], [ 35.548027254845799, 32.561513519846052 ], [ 35.548028782097951, 32.561509975508919 ], [ 35.548030386103974, 32.561506454406761 ], [ 35.548032067942366, 32.561502960143471 ], [ 35.548033824418745, 32.561499492727819 ], [ 35.548035657666148, 32.561496053055691 ], [ 35.548037564493626, 32.5614926420375 ], [ 35.54803954704105, 32.561489262372596 ], [ 35.548041602114097, 32.561485914069685 ], [ 35.54804372971612, 32.561482598030459 ], [ 35.548045929857516, 32.561479316960096 ], [ 35.548048200405212, 32.561476069962687 ], [ 35.548050542434304, 32.561472859740448 ], [ 35.548061497762099, 32.561448461643678 ], [ 35.548067529648549, 32.561421876802825 ], [ 35.54807252223452, 32.561386338895232 ], [ 35.548079084934855, 32.561333643227854 ], [ 35.548090969750788, 32.561293869120156 ], [ 35.548101680986221, 32.561265781838209 ], [ 35.548115127336061, 32.561245706095207 ], [ 35.548166950906904, 32.561183723359072 ], [ 35.548217421978705, 32.561120028322371 ], [ 35.54822680276996, 32.561098242298002 ], [ 35.548236155076751, 32.561067871952403 ], [ 35.548245465976265, 32.56102776311598 ], [ 35.548255192444664, 32.561002531563702 ], [ 35.548269569805825, 32.560978946458121 ], [ 35.548288227719375, 32.560957621080391 ], [ 35.548310681660496, 32.560939102296274 ], [ 35.54833635209981, 32.560923874110827 ], [ 35.548385133523837, 32.560897410341347 ], [ 35.548429870413564, 32.560879203874158 ], [ 35.548509820860815, 32.560854838725497 ], [ 35.548591829339131, 32.560836008976302 ], [ 35.548675362869915, 32.56082283691299 ], [ 35.548759877693868, 32.560815409685652 ], [ 35.548763620182086, 32.560815066698254 ], [ 35.548767352828939, 32.560814656108512 ], [ 35.548771074559333, 32.560814175214198 ], [ 35.548774783254018, 32.560813626726308 ], [ 35.548778476780008, 32.560813009748941 ], [ 35.548782153007714, 32.560812324287944 ], [ 35.548785810875813, 32.560811571247946 ], [ 35.548789448254745, 32.560810750634779 ], [ 35.548793064079703, 32.560809862451357 ], [ 35.548796656228028, 32.560808908506985 ], [ 35.548800222566719, 32.560807887905703 ], [ 35.548803762037856, 32.560806802453953 ], [ 35.548807272508448, 32.560805651255755 ], [ 35.548810751852386, 32.560804435218756 ], [ 35.548814200073082, 32.560803155244614 ], [ 35.548817613979679, 32.56080181224381 ], [ 35.548820992507345, 32.560800406219279 ], [ 35.548824334594791, 32.560798938075614 ], [ 35.548827637051112, 32.560797408723339 ], [ 35.548830899879704, 32.560795819064118 ], [ 35.548834120951057, 32.560794169103815 ], [ 35.548837299203832, 32.560792459747077 ], [ 35.548840431447118, 32.560790691904359 ], [ 35.548843518752584, 32.560788867376168 ], [ 35.548846556857676, 32.560786985272443 ], [ 35.548849546837495, 32.560785048295429 ], [ 35.548852486562495, 32.560783056451015 ], [ 35.548855372841793, 32.560781010649585 ], [ 35.548858206743581, 32.560778911789988 ], [ 35.54886098614179, 32.56077676077976 ], [ 35.5488637089137, 32.560774559428182 ], [ 35.548866373998031, 32.560772308639848 ], [ 35.548868980329985, 32.560770008417734 ], [ 35.548871527919886, 32.560767661466961 ], [ 35.548874013569964, 32.560765266894542 ], [ 35.548876437290573, 32.560762827405682 ], [ 35.548878796955613, 32.560760343907873 ], [ 35.548881092568486, 32.560757817302878 ], [ 35.548883323067876, 32.560755248495283 ], [ 35.548885485266368, 32.560752639297284 ], [ 35.548887581300406, 32.560749991506526 ], [ 35.548902099467867, 32.560727084037964 ], [ 35.548921030912986, 32.560706616256546 ], [ 35.548943817867269, 32.560689192941325 ], [ 35.54896978721667, 32.560675327211911 ], [ 35.549030693496803, 32.560642016542424 ], [ 35.549074817841046, 32.560628535649684 ], [ 35.549113769179797, 32.560618885917968 ], [ 35.549163349271673, 32.560617605669307 ], [ 35.549183824723059, 32.560609149066813 ], [ 35.549273558207211, 32.560547264781121 ], [ 35.549346781171565, 32.560492658452816 ], [ 35.549408204256963, 32.560429744434117 ], [ 35.549470637138519, 32.560348034813181 ], [ 35.549517642658259, 32.560292851106354 ], [ 35.549582474674445, 32.560222641724508 ], [ 35.549654897422123, 32.560153824461409 ], [ 35.549697582974154, 32.560118395766892 ], [ 35.549742943142022, 32.560089618030176 ], [ 35.5497956703719, 32.560057195111533 ], [ 35.549798456875124, 32.560056076533364 ], [ 35.549801206941233, 32.560054896738123 ], [ 35.549803919501983, 32.560053654827001 ], [ 35.54980659243477, 32.560052352609297 ], [ 35.549809223613501, 32.560050990992551 ], [ 35.549811810912068, 32.56004957088436 ], [ 35.549814353265724, 32.560048092287637 ], [ 35.549816847490533, 32.560046557916301 ], [ 35.549819293586467, 32.560044967770352 ], [ 35.549821689430885, 32.560043323659094 ], [ 35.549824031832983, 32.560041626492975 ], [ 35.549826320792711, 32.560039876272043 ], [ 35.549828554190903, 32.560038075707254 ], [ 35.549830729901522, 32.560036225706213 ], [ 35.54983284793142, 32.560034328072284 ], [ 35.549834905086321, 32.560032382814349 ], [ 35.549836900308357, 32.560030391738678 ], [ 35.549838832539692, 32.560028356651685 ], [ 35.549840700722434, 32.56002627935969 ], [ 35.549842502730542, 32.56002416077024 ], [ 35.549844238570891, 32.560022002686786 ], [ 35.549869753780236, 32.559976125063152 ], [ 35.549885255250132, 32.559962340210419 ], [ 35.550037837809526, 32.559863394971295 ], [ 35.550095415363927, 32.559831936058444 ], [ 35.55012602687426, 32.559821165562475 ], [ 35.550178401899082, 32.559844685421432 ], [ 35.550181906198233, 32.559845548650223 ], [ 35.550185433659507, 32.559846343284299 ], [ 35.550188982149855, 32.559847068427757 ], [ 35.550192548471536, 32.55984772318773 ], [ 35.550196132628002, 32.559848308465902 ], [ 35.550199731418019, 32.559848822467622 ], [ 35.550203343780268, 32.559849266097544 ], [ 35.550206967581779, 32.559849638459816 ], [ 35.550210599628208, 32.559849939563229 ], [ 35.550214239919569, 32.559850169407746 ], [ 35.550217884193295, 32.559850327103405 ], [ 35.55022153351765, 32.559850413548965 ], [ 35.550225182568788, 32.559850428759091 ], [ 35.550228832407981, 32.559850371829143 ], [ 35.550232478776167, 32.559850242770814 ], [ 35.550236121676789, 32.559850042485849 ], [ 35.550239756850779, 32.55984977098592 ], [ 35.550243384298128, 32.559849428271093 ], [ 35.550247000821074, 32.559849013448385 ], [ 35.550250606426523, 32.559848528321254 ], [ 35.550254196855406, 32.559847972901387 ], [ 35.550257771039483, 32.559847346290042 ], [ 35.55026132685613, 32.559846650296492 ], [ 35.550264863237118, 32.559845884021911 ], [ 35.550268376995064, 32.5598450492786 ], [ 35.550271867061731, 32.559844145167702 ], [ 35.550275332375797, 32.559843172593908 ], [ 35.550278768681665, 32.559842132470621 ], [ 35.550282177047535, 32.559841025696656 ], [ 35.550285553210891, 32.55983985138198 ], [ 35.550288896113862, 32.559838611332978 ], [ 35.550292204691679, 32.559837305552598 ], [ 35.550295476821773, 32.55983593585011 ], [ 35.550298710374541, 32.559834502231361 ], [ 35.550301903220465, 32.559833004702227 ], [ 35.550305054305156, 32.559831445970801 ], [ 35.550308162560391, 32.559829825138259 ], [ 35.5505229942152, 32.559665087855123 ], [ 35.550552982932672, 32.559638286341659 ], [ 35.54591338873373, 32.560648741052539 ], [ 35.545913518138669, 32.560648890386972 ], [ 35.547114535126596, 32.562172056903663 ] ] ] } },
{ "type": "Feature", "properties": { "HelkaMerhav": "צפון והגולן", "TeurShita": "שומה", "GUSH": 22761, "MisparHelka": 6, "BaalutBefoal": "קק\"ל", "MatzavRishum": "ביטול רישום לאחר פרצלציה", "ShetachBaalutKKL": 36076, "Shape__Area": null, "achuz_baalut_kkl": 100, "key": "22761-6-0", "achuz_baalut_kkl_lastMonth": 100.0, "ShetachBaalutKKL_lastMonth": 35853.0, "Area_calc_lastMonth": null, "Area_calc": 0.0, "Areakkl_total_lastMonth": null, "Areakkl_total_current": 0.0, "Area_diff": null, "mavat_name_current": null, "mavat_name_lastMonth": null, "mavat_changed": true, "score_diff": null, "type_status": "changed" }, "geometry": { "type": "Polygon", "coordinates": [ ] } },
{ "type": "Feature", "properties": { "HelkaMerhav": "צפון והגולן", "TeurShita": "רשום", "GUSH": 22761, "MisparHelka": 8, "BaalutBefoal": "קק\"ל", "MatzavRishum": "ביטול רישום לאחר פרצלציה", "ShetachBaalutKKL": 35854, "Shape__Area": null, "achuz_baalut_kkl": 100, "key": "22761-8-0", "achuz_baalut_kkl_lastMonth": 100.0, "ShetachBaalutKKL_lastMonth": 35792.0, "Area_calc_lastMonth": null, "Area_calc": 0.0, "Areakkl_total_lastMonth": null, "Areakkl_total_current": 0.0, "Area_diff": null, "mavat_name_current": null, "mavat_name_lastMonth": null, "mavat_changed": true, "score_diff": null, "type_status": "changed" }, "geometry": { "type": "Polygon", "coordinates": [ ] } },
{ "type": "Feature", "properties": { "HelkaMerhav": "צפון והגולן", "TeurShita": "שומה", "GUSH": 22761, "MisparHelka": 9, "BaalutBefoal": "קק\"ל", "MatzavRishum": "ביטול רישום לאחר פרצלציה", "ShetachBaalutKKL": 35889, "Shape__Area": null, "achuz_baalut_kkl": 100, "key": "22761-9-0", "achuz_baalut_kkl_lastMonth": 100.0, "ShetachBaalutKKL_lastMonth": 35855.0, "Area_calc_lastMonth": null, "Area_calc": 0.0, "Areakkl_total_lastMonth": null, "Areakkl_total_current": 0.0, "Area_diff": null, "mavat_name_current": null, "mavat_name_lastMonth": null, "mavat_changed": true, "score_diff": null, "type_status": "changed" }, "geometry": { "type": "Polygon", "coordinates": [ ] } },
{ "type": "Feature", "properties": { "HelkaMerhav": "צפון והגולן", "TeurShita": "שומה", "GUSH": 22762, "MisparHelka": 1, "BaalutBefoal": "קק\"ל", "MatzavRishum": "ביטול רישום לאחר פרצלציה", "ShetachBaalutKKL": 36032, "Shape__Area": null, "achuz_baalut_kkl": 100, "key": "22762-1-0", "achuz_baalut_kkl_lastMonth": 100.0, "ShetachBaalutKKL_lastMonth": 35854.0, "Area_calc_lastMonth": null, "Area_calc": 0.0, "Areakkl_total_lastMonth": null, "Areakkl_total_current": 0.0, "Area_diff": null, "mavat_name_current": null, "mavat_name_lastMonth": null, "mavat_changed": true, "score_diff": null, "type_status": "changed" }, "geometry": { "type": "Polygon", "coordinates": [ ] } },
{ "type": "Feature", "properties": { "HelkaMerhav": "צפון והגולן", "TeurShita": "שומה", "GUSH": 22762, "MisparHelka": 10, "BaalutBefoal": "קק\"ל", "MatzavRishum": "ביטול רישום לאחר פרצלציה", "ShetachBaalutKKL": 96044, "Shape__Area": null, "achuz_baalut_kkl": 100, "key": "22762-10-0", "achuz_baalut_kkl_lastMonth": 100.0, "ShetachBaalutKKL_lastMonth": 95610.0, "Area_calc_lastMonth": null, "Area_calc": 0.0, "Areakkl_total_lastMonth": null, "Areakkl_total_current": 0.0, "Area_diff": null, "mavat_name_current": null, "mavat_name_lastMonth": null, "mavat_changed": true, "score_diff": null, "type_status": "changed" }, "geometry": { "type": "Polygon", "coordinates": [ ] } },
{ "type": "Feature", "properties": { "HelkaMerhav": "צפון והגולן", "TeurShita": "שומה", "GUSH": 22762, "MisparHelka": 13, "BaalutBefoal": "קק\"ל", "MatzavRishum": "ביטול רישום לאחר פרצלציה", "ShetachBaalutKKL": 97837, "Shape__Area": null, "achuz_baalut_kkl": 100, "key": "22762-13-0", "achuz_baalut_kkl_lastMonth": 100.0, "ShetachBaalutKKL_lastMonth": 97448.0, "Area_calc_lastMonth": null, "Area_calc": 0.0, "Areakkl_total_lastMonth": null, "Areakkl_total_current": 0.0, "Area_diff": null, "mavat_name_current": null, "mavat_name_lastMonth": null, "mavat_changed": true, "score_diff": null, "type_status": "changed" }, "geometry": { "type": "Polygon", "coordinates": [ ] } },
{ "type": "Feature", "properties": { "HelkaMerhav": "צפון והגולן", "TeurShita": "שומה", "GUSH": 22762, "MisparHelka": 2, "BaalutBefoal": "קק\"ל", "MatzavRishum": "ביטול רישום לאחר פרצלציה", "ShetachBaalutKKL": 72122, "Shape__Area": null, "achuz_baalut_kkl": 100, "key": "22762-2-0", "achuz_baalut_kkl_lastMonth": 100.0, "ShetachBaalutKKL_lastMonth": 71984.0, "Area_calc_lastMonth": null, "Area_calc": 0.0, "Areakkl_total_lastMonth": null, "Areakkl_total_current": 0.0, "Area_diff": null, "mavat_name_current": null, "mavat_name_lastMonth": null, "mavat_changed": true, "score_diff": null, "type_status": "changed" }, "geometry": { "type": "Polygon", "coordinates": [ ] } },
{ "type": "Feature", "properties": { "HelkaMerhav": "צפון והגולן", "TeurShita": "שומה", "GUSH": 22762, "MisparHelka": 3, "BaalutBefoal": "קק\"ל", "MatzavRishum": "ביטול רישום לאחר פרצלציה", "ShetachBaalutKKL": 35947, "Shape__Area": null, "achuz_baalut_kkl": 100, "key": "22762-3-0", "achuz_baalut_kkl_lastMonth": 100.0, "ShetachBaalutKKL_lastMonth": 35853.0, "Area_calc_lastMonth": null, "Area_calc": 0.0, "Areakkl_total_lastMonth": null, "Areakkl_total_current": 0.0, "Area_diff": null, "mavat_name_current": null, "mavat_name_lastMonth": null, "mavat_changed": true, "score_diff": null, "type_status": "changed" }, "geometry": { "type": "Polygon", "coordinates": [ ] } },
{ "type": "Feature", "properties": { "HelkaMerhav": "צפון והגולן", "TeurShita": "רשום", "GUSH": 22762, "MisparHelka": 4, "BaalutBefoal": "קק\"ל", "MatzavRishum": "ביטול רישום לאחר פרצלציה", "ShetachBaalutKKL": 35853, "Shape__Area": null, "achuz_baalut_kkl": 100, "key": "22762-4-0", "achuz_baalut_kkl_lastMonth": 100.0, "ShetachBaalutKKL_lastMonth": 35842.0, "Area_calc_lastMonth": null, "Area_calc": 0.0, "Areakkl_total_lastMonth": null, "Areakkl_total_current": 0.0, "Area_diff": null, "mavat_name_current": null, "mavat_name_lastMonth": null, "mavat_changed": true, "score_diff": null, "type_status": "changed" }, "geometry": { "type": "Polygon", "coordinates": [ ] } },
{ "type": "Feature", "properties": { "HelkaMerhav": "צפון והגולן", "TeurShita": "רשום", "GUSH": 22762, "MisparHelka": 5, "BaalutBefoal": "קק\"ל", "MatzavRishum": "ביטול רישום לאחר פרצלציה", "ShetachBaalutKKL": 35853, "Shape__Area": null, "achuz_baalut_kkl": 100, "key": "22762-5-0", "achuz_baalut_kkl_lastMonth": 100.0, "ShetachBaalutKKL_lastMonth": 35808.0, "Area_calc_lastMonth": null, "Area_calc": 0.0, "Areakkl_total_lastMonth": null, "Areakkl_total_current": 0.0, "Area_diff": null, "mavat_name_current": null, "mavat_name_lastMonth": null, "mavat_changed": true, "score_diff": null, "type_status": "changed" }, "geometry": { "type": "Polygon", "coordinates": [ ] } },
{ "type": "Feature", "properties": { "HelkaMerhav": "צפון והגולן", "TeurShita": "שומה", "GUSH": 22762, "MisparHelka": 6, "BaalutBefoal": "קק\"ל", "MatzavRishum": "ביטול רישום לאחר פרצלציה", "ShetachBaalutKKL": 36003, "Shape__Area": null, "achuz_baalut_kkl": 100, "key": "22762-6-0", "achuz_baalut_kkl_lastMonth": 100.0, "ShetachBaalutKKL_lastMonth": 35853.0, "Area_calc_lastMonth": null, "Area_calc": 0.0, "Areakkl_total_lastMonth": null, "Areakkl_total_current": 0.0, "Area_diff": null, "mavat_name_current": null, "mavat_name_lastMonth": null, "mavat_changed": true, "score_diff": null, "type_status": "changed" }, "geometry": { "type": "Polygon", "coordinates": [ ] } },
{ "type": "Feature", "properties": { "HelkaMerhav": "צפון והגולן", "TeurShita": "שומה", "GUSH": 22762, "MisparHelka": 7, "BaalutBefoal": "קק\"ל", "MatzavRishum": "ביטול רישום לאחר פרצלציה", "ShetachBaalutKKL": 35953, "Shape__Area": null, "achuz_baalut_kkl": 100, "key": "22762-7-0", "achuz_baalut_kkl_lastMonth": 100.0, "ShetachBaalutKKL_lastMonth": 35853.0, "Area_calc_lastMonth": null, "Area_calc": 0.0, "Areakkl_total_lastMonth": null, "Areakkl_total_current": 0.0, "Area_diff": null, "mavat_name_current": null, "mavat_name_lastMonth": null, "mavat_changed": true, "score_diff": null, "type_status": "changed" }, "geometry": { "type": "Polygon", "coordinates": [ ] } },
{ "type": "Feature", "properties": { "HelkaMerhav": "צפון והגולן", "TeurShita": "שומה", "GUSH": 22762, "MisparHelka": 8, "BaalutBefoal": "קק\"ל", "MatzavRishum": "ביטול רישום לאחר פרצלציה", "ShetachBaalutKKL": 35977, "Shape__Area": null, "achuz_baalut_kkl": 100, "key": "22762-8-0", "achuz_baalut_kkl_lastMonth": 100.0, "ShetachBaalutKKL_lastMonth": 35853.0, "Area_calc_lastMonth": null, "Area_calc": 0.0, "Areakkl_total_lastMonth": null, "Areakkl_total_current": 0.0, "Area_diff": null, "mavat_name_current": null, "mavat_name_lastMonth": null, "mavat_changed": true, "score_diff": null, "type_status": "changed" }, "geometry": { "type": "Polygon", "coordinates": [ ] } },
{ "type": "Feature", "properties": { "HelkaMerhav": "צפון והגולן", "TeurShita": "שומה", "GUSH": 22762, "MisparHelka": 9, "BaalutBefoal": "קק\"ל", "MatzavRishum": "ביטול רישום לאחר פרצלציה", "ShetachBaalutKKL": 36053, "Shape__Area": null, "achuz_baalut_kkl": 100, "key": "22762-9-0", "achuz_baalut_kkl_lastMonth": 100.0, "ShetachBaalutKKL_lastMonth": 35853.0, "Area_calc_lastMonth": null, "Area_calc": 0.0, "Areakkl_total_lastMonth": null, "Areakkl_total_current": 0.0, "Area_diff": null, "mavat_name_current": null, "mavat_name_lastMonth": null, "mavat_changed": true, "score_diff": null, "type_status": "changed" }, "geometry": { "type": "Polygon", "coordinates": [ ] } },
{ "type": "Feature", "properties": { "HelkaMerhav": "צפון והגולן", "TeurShita": "שומה", "GUSH": 22884, "MisparHelka": 80, "BaalutBefoal": "קק\"ל", "MatzavRishum": "ביטול רישום לאחר פרצלציה", "ShetachBaalutKKL": 13891, "Shape__Area": null, "achuz_baalut_kkl": 100, "key": "22884-80-0", "achuz_baalut_kkl_lastMonth": 100.0, "ShetachBaalutKKL_lastMonth": 13789.0, "Area_calc_lastMonth": null, "Area_calc": 0.0, "Areakkl_total_lastMonth": null, "Areakkl_total_current": 0.0, "Area_diff": null, "mavat_name_current": null, "mavat_name_lastMonth": null, "mavat_changed": true, "score_diff": null, "type_status": "changed" }, "geometry": { "type": "Polygon", "coordinates": [ ] } },
{ "type": "Feature", "properties": { "HelkaMerhav": "צפון והגולן", "TeurShita": "שומה", "GUSH": 22884, "MisparHelka": 81, "BaalutBefoal": "קק\"ל", "MatzavRishum": "ביטול רישום לאחר פרצלציה", "ShetachBaalutKKL": 5561, "Shape__Area": null, "achuz_baalut_kkl": 100, "key": "22884-81-0", "achuz_baalut_kkl_lastMonth": 100.0, "ShetachBaalutKKL_lastMonth": 5515.0, "Area_calc_lastMonth": null, "Area_calc": 0.0, "Areakkl_total_lastMonth": null, "Areakkl_total_current": 0.0, "Area_diff": null, "mavat_name_current": null, "mavat_name_lastMonth": null, "mavat_changed": true, "score_diff": null, "type_status": "changed" }, "geometry": { "type": "Polygon", "coordinates": [ ] } },
{ "type": "Feature", "properties": { "HelkaMerhav": "צפון והגולן", "TeurShita": "שומה", "GUSH": 22884, "MisparHelka": 82, "BaalutBefoal": "קק\"ל", "MatzavRishum": "ביטול רישום לאחר פרצלציה", "ShetachBaalutKKL": 8336, "Shape__Area": null, "achuz_baalut_kkl": 100, "key": "22884-82-0", "achuz_baalut_kkl_lastMonth": 100.0, "ShetachBaalutKKL_lastMonth": 8273.0, "Area_calc_lastMonth": null, "Area_calc": 0.0, "Areakkl_total_lastMonth": null, "Areakkl_total_current": 0.0, "Area_diff": null, "mavat_name_current": null, "mavat_name_lastMonth": null, "mavat_changed": true, "score_diff": null, "type_status": "changed" }, "geometry": { "type": "Polygon", "coordinates": [ ] } },
{ "type": "Feature", "properties": { "HelkaMerhav": "צפון והגולן", "TeurShita": "שומה", "GUSH": 22884, "MisparHelka": 85, "BaalutBefoal": "קק\"ל", "MatzavRishum": "ביטול רישום לאחר פרצלציה", "ShetachBaalutKKL": 8335, "Shape__Area": null, "achuz_baalut_kkl": 100, "key": "22884-85-0", "achuz_baalut_kkl_lastMonth": 100.0, "ShetachBaalutKKL_lastMonth": 8273.0, "Area_calc_lastMonth": null, "Area_calc": 0.0, "Areakkl_total_lastMonth": null, "Areakkl_total_current": 0.0, "Area_diff": null, "mavat_name_current": null, "mavat_name_lastMonth": null, "mavat_changed": true, "score_diff": null, "type_status": "changed" }, "geometry": { "type": "Polygon", "coordinates": [ ] } },
{ "type": "Feature", "properties": { "HelkaMerhav": "צפון והגולן", "TeurShita": "רשום", "GUSH": 22884, "MisparHelka": 86, "BaalutBefoal": "קק\"ל", "MatzavRishum": "ביטול רישום לאחר פרצלציה", "ShetachBaalutKKL": 14709, "Shape__Area": null, "achuz_baalut_kkl": 100, "key": "22884-86-0", "achuz_baalut_kkl_lastMonth": 100.0, "ShetachBaalutKKL_lastMonth": 14619.0, "Area_calc_lastMonth": null, "Area_calc": 0.0, "Areakkl_total_lastMonth": null, "Areakkl_total_current": 0.0, "Area_diff": null, "mavat_name_current": null, "mavat_name_lastMonth": null, "mavat_changed": true, "score_diff": null, "type_status": "changed" }, "geometry": { "type": "Polygon", "coordinates": [ ] } },
{ "type": "Feature", "properties": { "HelkaMerhav": "ירושלים", "TeurShita": "רשום", "GUSH": 29705, "MisparHelka": 1, "BaalutBefoal": "קק\"ל", "MatzavRishum": "ביטול רישום לאחר פרצלציה", "ShetachBaalutKKL": 60189, "Shape__Area": null, "achuz_baalut_kkl": 100, "key": "29705-1-0", "achuz_baalut_kkl_lastMonth": 0.0, "ShetachBaalutKKL_lastMonth": 0.0, "Area_calc_lastMonth": null, "Area_calc": 0.0, "Areakkl_total_lastMonth": null, "Areakkl_total_current": 0.0, "Area_diff": null, "mavat_name_current": null, "mavat_name_lastMonth": null, "mavat_changed": true, "score_diff": null, "type_status": "changed" }, "geometry": { "type": "Polygon", "coordinates": [ ] } },
{ "type": "Feature", "properties": { "HelkaMerhav": "ירושלים", "TeurShita": "רשום", "GUSH": 29705, "MisparHelka": 5, "BaalutBefoal": "מדינה, קק\"ל", "MatzavRishum": "ביטול רישום לאחר פרצלציה", "ShetachBaalutKKL": 8047, "Shape__Area": null, "achuz_baalut_kkl": 100, "key": "29705-5-0", "achuz_baalut_kkl_lastMonth": 0.0, "ShetachBaalutKKL_lastMonth": 0.0, "Area_calc_lastMonth": null, "Area_calc": 0.0, "Areakkl_total_lastMonth": null, "Areakkl_total_current": 0.0, "Area_diff": null, "mavat_name_current": null, "mavat_name_lastMonth": null, "mavat_changed": true, "score_diff": null, "type_status": "changed" }, "geometry": { "type": "Polygon", "coordinates": [ ] } },
{ "type": "Feature", "properties": { "HelkaMerhav": "ירושלים", "TeurShita": "רשום", "GUSH": 29707, "MisparHelka": 3, "BaalutBefoal": "קק\"ל", "MatzavRishum": "ביטול רישום לאחר פרצלציה", "ShetachBaalutKKL": 115861, "Shape__Area": null, "achuz_baalut_kkl": 100, "key": "29707-3-0", "achuz_baalut_kkl_lastMonth": 0.0, "ShetachBaalutKKL_lastMonth": 0.0, "Area_calc_lastMonth": null, "Area_calc": 0.0, "Areakkl_total_lastMonth": null, "Areakkl_total_current": 0.0, "Area_diff": null, "mavat_name_current": null, "mavat_name_lastMonth": null, "mavat_changed": true, "score_diff": null, "type_status": "changed" }, "geometry": { "type": "Polygon", "coordinates": [ ] } },
{ "type": "Feature", "properties": { "HelkaMerhav": "דרום", "TeurShita": "ארעי", "GUSH": 38057, "MisparHelka": 1, "BaalutBefoal": "קק\"ל", "MatzavRishum": "ביטול רישום לאחר הסדר", "ShetachBaalutKKL": 0, "Shape__Area": null, "achuz_baalut_kkl": 0, "key": "38057-1-0", "achuz_baalut_kkl_lastMonth": 100.0, "ShetachBaalutKKL_lastMonth": 129435.0, "Area_calc_lastMonth": null, "Area_calc": 0.0, "Areakkl_total_lastMonth": null, "Areakkl_total_current": null, "Area_diff": null, "mavat_name_current": null, "mavat_name_lastMonth": null, "mavat_changed": true, "score_diff": null, "type_status": "changed" }, "geometry": { "type": "Polygon", "coordinates": [ ] } },
{ "type": "Feature", "properties": { "HelkaMerhav": "דרום", "TeurShita": "ארעי", "GUSH": 38453, "MisparHelka": 1, "BaalutBefoal": "קק\"ל", "MatzavRishum": "ביטול רישום לאחר הסדר", "ShetachBaalutKKL": 125855, "Shape__Area": 6374.39963266, "achuz_baalut_kkl": 100, "key": "38453-1-0", "achuz_baalut_kkl_lastMonth": 100.0, "ShetachBaalutKKL_lastMonth": 6374.0, "Area_calc_lastMonth": 6374.3996326080087, "Area_calc": 6374.3996326080087, "Areakkl_total_lastMonth": 6374.3996326080087, "Areakkl_total_current": 6374.3996326080087, "Area_diff": 0.0, "mavat_name_current": "יעוד עפ\"י תכנית מאושרת אחרת", "mavat_name_lastMonth": "יעוד עפ\"י תכנית מאושרת אחרת", "mavat_changed": false, "score_diff": 0.0, "type_status": "changed" }, "geometry": { "type": "Polygon", "coordinates": [ [ [ 34.816440799491453, 31.22573752308217 ], [ 34.815072061223049, 31.22603295633504 ], [ 34.815144720787536, 31.226452852645512 ], [ 34.816438672339729, 31.226173499623307 ], [ 34.816442609783422, 31.226172572612633 ], [ 34.816444619666839, 31.226172052862072 ], [ 34.816446620218741, 31.226171505124164 ], [ 34.816448608294245, 31.22617092848747 ], [ 34.816450585988697, 31.226170323860252 ], [ 34.816452552252585, 31.226169691239367 ], [ 34.816454504990539, 31.226169029716534 ], [ 34.816456444198884, 31.226168340193674 ], [ 34.816458370923442, 31.226167623575854 ], [ 34.816460283065183, 31.226166879856734 ], [ 34.816462179578267, 31.22616610813126 ], [ 34.816464062558033, 31.226165309307671 ], [ 34.816465928852246, 31.226164484278364 ], [ 34.816467778464578, 31.226163632141411 ], [ 34.816469612440883, 31.226162753801923 ], [ 34.816471427632592, 31.226161849250371 ], [ 34.816473226138733, 31.226160918493086 ], [ 34.816475005856596, 31.226159962425669 ], [ 34.81647676678616, 31.226158981048094 ], [ 34.816478508927439, 31.226157974360369 ], [ 34.81648023122721, 31.22615694326122 ], [ 34.816481932635973, 31.226155887747503 ], [ 34.816483614206923, 31.226154806920462 ], [ 34.816485273829969, 31.226153703479469 ], [ 34.81648691256197, 31.226152575623889 ], [ 34.816488528296567, 31.226151425151215 ], [ 34.816490122086918, 31.226150251162657 ], [ 34.816491692879836, 31.226149054557013 ], [ 34.816493240675342, 31.226147835334277 ], [ 34.816494763370677, 31.226146594389959 ], [ 34.816496263064884, 31.226145331730457 ], [ 34.816497737655268, 31.22614404825131 ], [ 34.81649918714546, 31.226142743050595 ], [ 34.816500610478634, 31.226141417928993 ], [ 34.81650200870795, 31.226140071987746 ], [ 34.816503379727017, 31.226138707024337 ], [ 34.816504724589038, 31.226137322140016 ], [ 34.816506043290332, 31.226135918236672 ], [ 34.816507333731842, 31.226134495308013 ], [ 34.816508595906214, 31.226133055157781 ], [ 34.816509830870345, 31.226131595985418 ], [ 34.816511037567309, 31.226130119591495 ], [ 34.816512214943963, 31.226128626874782 ], [ 34.816513363003942, 31.226127116933366 ], [ 34.816514481743575, 31.226125590669131 ], [ 34.816515570113353, 31.226124048078926 ], [ 34.816516629155423, 31.226122490969725 ], [ 34.816517657823944, 31.226120918436479 ], [ 34.81651865611525, 31.226119331381032 ], [ 34.816519622976131, 31.226117730702178 ], [ 34.816520559456087, 31.226116116403016 ], [ 34.816521463456098, 31.226114488477318 ], [ 34.816522336022011, 31.226112847830024 ], [ 34.816523177150117, 31.226111195363124 ], [ 34.816523985790923, 31.226109531073412 ], [ 34.816524761944422, 31.226107854960915 ], [ 34.816525505606926, 31.226106167927512 ], [ 34.816526216774754, 31.226104470875082 ], [ 34.816526894398379, 31.226102763800512 ], [ 34.816527539527364, 31.226101046706962 ], [ 34.816528150055241, 31.226099321391825 ], [ 34.816528728084776, 31.226097586959607 ], [ 34.81652927255908, 31.226095845210946 ], [ 34.816529782432319, 31.226094095240729 ], [ 34.816530258746624, 31.226092338855931 ], [ 34.816530700456191, 31.226090575151524 ], [ 34.816531107553622, 31.226088805931266 ], [ 34.816531481088489, 31.226087031198336 ], [ 34.816531820011221, 31.226085250949577 ], [ 34.816532124318179, 31.226083466086859 ], [ 34.816532394005662, 31.22608167751212 ], [ 34.816532629077329, 31.226079884323436 ], [ 34.816532829522181, 31.226078089226515 ], [ 34.816532994294356, 31.2260762913163 ], [ 34.816533124443374, 31.226074490595924 ], [ 34.81653321996189, 31.226072688869195 ], [ 34.816533280849889, 31.226070886136156 ], [ 34.816533306057856, 31.2260690823936 ], [ 34.816533296631626, 31.22606727854658 ], [ 34.816533252571212, 31.226065474595128 ], [ 34.816533172819717, 31.226063672339873 ], [ 34.816533058430366, 31.226061870882017 ], [ 34.816532909395775, 31.226060072025458 ], [ 34.816532725719647, 31.226058274868226 ], [ 34.816532506345069, 31.226056481211003 ], [ 34.816532252321593, 31.226054691056905 ], [ 34.816531963649204, 31.226052904405961 ], [ 34.816531641373736, 31.226051122163216 ], [ 34.816531283396181, 31.226049344322362 ], [ 34.816530891808185, 31.226047572693528 ], [ 34.816530465563929, 31.226045806371623 ], [ 34.816530004659725, 31.226044046258533 ], [ 34.8165295101414, 31.226042293259368 ], [ 34.816440799491453, 31.22573752308217 ] ] ] } },
{ "type": "Feature", "properties": { "HelkaMerhav": "דרום", "TeurShita": "ארעי", "GUSH": 38455, "MisparHelka": 1, "BaalutBefoal": "קק\"ל", "MatzavRishum": "ביטול רישום לאחר הסדר", "ShetachBaalutKKL": 126823, "Shape__Area": 3189.7799745850002, "achuz_baalut_kkl": 100, "key": "38455-1-0", "achuz_baalut_kkl_lastMonth": 100.0, "ShetachBaalutKKL_lastMonth": 3190.0, "Area_calc_lastMonth": 3189.7799745587809, "Area_calc": 3189.7799745587809, "Areakkl_total_lastMonth": 3189.7799745587809, "Areakkl_total_current": 3189.7799745587809, "Area_diff": 0.0, "mavat_name_current": "יעוד עפ\"י תכנית מאושרת אחרת", "mavat_name_lastMonth": "יעוד עפ\"י תכנית מאושרת אחרת", "mavat_changed": false, "score_diff": 0.0, "type_status": "changed" }, "geometry": { "type": "Polygon", "coordinates": [ [ [ 34.818081713509827, 31.223628043474651 ], [ 34.818125807510903, 31.223503126120271 ], [ 34.817667517748831, 31.223385077952365 ], [ 34.817666863114482, 31.223388366150751 ], [ 34.817666509541304, 31.223390143653621 ], [ 34.81766615806341, 31.223391922064721 ], [ 34.817665806585524, 31.223393700475814 ], [ 34.817665456157108, 31.223395478890051 ], [ 34.817665106778165, 31.223397257307436 ], [ 34.817664757395548, 31.223399036626741 ], [ 34.817664410115569, 31.223400815050457 ], [ 34.817664062831909, 31.223402594376051 ], [ 34.817663716601388, 31.223404372802918 ], [ 34.817663371416678, 31.223406152134821 ], [ 34.817663027281448, 31.223407931469879 ], [ 34.817662683142522, 31.223409711706847 ], [ 34.817662340056764, 31.223411491045066 ], [ 34.81766199802049, 31.223413270386434 ], [ 34.817661657030001, 31.223415050632873 ], [ 34.817661317092679, 31.223416829980561 ], [ 34.817660977151654, 31.223418610230141 ], [ 34.817660639309615, 31.223420390486009 ], [ 34.817660301467555, 31.223422170741895 ], [ 34.817659964674981, 31.223423951000946 ], [ 34.817659627878712, 31.223425732161868 ], [ 34.817659293185088, 31.223427512427204 ], [ 34.817658958487783, 31.223429293594471 ], [ 34.817658625893117, 31.223431073866127 ], [ 34.817658292245284, 31.223432855036524 ], [ 34.817657960696408, 31.223434636213206 ], [ 34.817657630197026, 31.223436417393081 ], [ 34.817657299697622, 31.223438198572943 ], [ 34.817656970244023, 31.223439980657858 ], [ 34.817656641843577, 31.223441761844018 ], [ 34.817656314488936, 31.223443543935236 ], [ 34.817655988183802, 31.223445326029633 ], [ 34.817655661882299, 31.2234471072221 ], [ 34.817655337676108, 31.223448889322768 ], [ 34.817655013469881, 31.223450671423453 ], [ 34.817654689259982, 31.223452454426045 ], [ 34.817654367152741, 31.223454236533023 ], [ 34.817654046094972, 31.223456018643166 ], [ 34.817653725033516, 31.223457801655218 ], [ 34.817653405021552, 31.223459584670412 ], [ 34.817653086062712, 31.223461366786857 ], [ 34.817652768149685, 31.223463149808371 ], [ 34.817652450236672, 31.223464932829863 ], [ 34.817652133369442, 31.223466716756413 ], [ 34.81765181755538, 31.223468499784222 ], [ 34.817651502790788, 31.223470282815207 ], [ 34.817651189072016, 31.22347206675121 ], [ 34.817650876406383, 31.223473849788483 ], [ 34.817650563737075, 31.22347563372767 ], [ 34.81765025211724, 31.223477417669969 ], [ 34.81764994154689, 31.223479201615472 ], [ 34.817649632026018, 31.223480985564102 ], [ 34.817649323554626, 31.223482769515876 ], [ 34.81764901507956, 31.223484554369577 ], [ 34.817648707657632, 31.223486338324523 ], [ 34.817648401281524, 31.223488123184531 ], [ 34.81764809595488, 31.223489908047664 ], [ 34.817647791681416, 31.223491692012082 ], [ 34.817647487404237, 31.223493476878375 ], [ 34.817647185226043, 31.223495261750987 ], [ 34.817646883044183, 31.223497047525491 ], [ 34.817646581915454, 31.223498832401265 ], [ 34.817646280786732, 31.223500617277036 ], [ 34.817645981753294, 31.223502403060991 ], [ 34.817645682723544, 31.223504187943085 ], [ 34.817645384739571, 31.223505973730202 ], [ 34.817645087805097, 31.223507759520476 ], [ 34.817644791920088, 31.223509545313917 ], [ 34.817644497084565, 31.223511331110501 ], [ 34.817644202249049, 31.223513116907103 ], [ 34.817643908459331, 31.223514903608745 ], [ 34.817643615722758, 31.223516689411639 ], [ 34.817643324031998, 31.223518476119587 ], [ 34.817643033394404, 31.223520261928797 ], [ 34.817642742753101, 31.223522048639911 ], [ 34.817642453161298, 31.223523835354179 ], [ 34.817642164618974, 31.22352562207158 ], [ 34.817641877126142, 31.22352740879214 ], [ 34.817641590682769, 31.223529195515862 ], [ 34.817641304239416, 31.223530982239588 ], [ 34.81764101989134, 31.223532769871504 ], [ 34.817640735546931, 31.223534556601518 ], [ 34.817640452248341, 31.223536344236621 ], [ 34.817640168949723, 31.223538131871692 ], [ 34.817639887753771, 31.223539918611198 ], [ 34.817639606554124, 31.223541706252565 ], [ 34.817639326403963, 31.223543493897122 ], [ 34.817639047299615, 31.223545282446725 ], [ 34.817638769248404, 31.223547070097577 ], [ 34.817638492246694, 31.223548857751592 ], [ 34.817638215241296, 31.223550646307498 ], [ 34.817637939289057, 31.223552433964656 ], [ 34.817637664382616, 31.223554222526879 ], [ 34.817637390525675, 31.22355601109226 ], [ 34.817637117718206, 31.223557799660774 ], [ 34.817636844910737, 31.223559588229307 ], [ 34.817636574202218, 31.223561376804117 ], [ 34.817636303493714, 31.223563165378955 ], [ 34.817636033834681, 31.223564953956942 ], [ 34.817635764171968, 31.223566743436823 ], [ 34.817635496611913, 31.223568532021119 ], [ 34.817635229048165, 31.22357032150731 ], [ 34.817634962537582, 31.223572110094768 ], [ 34.817634697072798, 31.223573899587269 ], [ 34.817634432657485, 31.223575689082921 ], [ 34.817634169291679, 31.223577478581753 ], [ 34.817633905925859, 31.223579268080542 ], [ 34.817633643609511, 31.223581057582521 ], [ 34.817633382338975, 31.22358284798954 ], [ 34.817633122121606, 31.223584637497826 ], [ 34.817632862950049, 31.223586427911144 ], [ 34.817632603782144, 31.223588217422584 ], [ 34.817632345660044, 31.223590007839064 ], [ 34.817632088587445, 31.223591798258692 ], [ 34.817631832564324, 31.223593588681496 ], [ 34.817631577590689, 31.223595379107419 ], [ 34.817631323666518, 31.223597169536532 ], [ 34.817631069742369, 31.223598959965646 ], [ 34.817630816867677, 31.2236007503979 ], [ 34.817630565038819, 31.223602541735215 ], [ 34.817630314263099, 31.223604332173764 ], [ 34.817630063483705, 31.223606123514241 ], [ 34.817629814806956, 31.223607913959111 ], [ 34.817629566126534, 31.223609705305876 ], [ 34.817629318495584, 31.223611496655796 ], [ 34.817629071914126, 31.223613288008892 ], [ 34.817628825332655, 31.223615079361956 ], [ 34.817628580850169, 31.223616870721347 ], [ 34.817628336367662, 31.223618662080749 ], [ 34.817628092930981, 31.223620454345188 ], [ 34.817627850547439, 31.223622245710878 ], [ 34.817627609213396, 31.223624037079741 ], [ 34.817627367875673, 31.22362582935051 ], [ 34.817627128636914, 31.223627621627564 ], [ 34.817626889401843, 31.223629413002719 ], [ 34.817626651212557, 31.223631205282928 ], [ 34.817626413023277, 31.223632997563161 ], [ 34.817626176932961, 31.22363478984968 ], [ 34.817625940842653, 31.223636582136198 ], [ 34.81762570684765, 31.22363837533095 ], [ 34.817625472856307, 31.223640167623788 ], [ 34.817625238864949, 31.223641959916591 ], [ 34.81762500696891, 31.223643753117653 ], [ 34.817624775076531, 31.223645545416797 ], [ 34.817624545279443, 31.223647338624144 ], [ 34.817624315482362, 31.223649131831504 ], [ 34.817624086734767, 31.223650925041998 ], [ 34.817623857987158, 31.22365271825252 ], [ 34.817623631338542, 31.223654511469331 ], [ 34.81762340468989, 31.223656304686141 ], [ 34.817623179090752, 31.223658097906135 ], [ 34.817622954541079, 31.223659891129238 ], [ 34.817622731040885, 31.223661684355537 ], [ 34.817622508586524, 31.223663478486856 ], [ 34.817622286135816, 31.2236652717163 ], [ 34.817622064730919, 31.223667065850783 ], [ 34.817621844375516, 31.223668859988443 ], [ 34.817621625073279, 31.22367065322732 ], [ 34.817621406816841, 31.223672447371271 ], [ 34.817621188560395, 31.223674241515237 ], [ 34.817620972402935, 31.223676035665498 ], [ 34.817620756245475, 31.223677829815763 ], [ 34.81762054113748, 31.223679623969154 ], [ 34.817620326025818, 31.223681419024498 ], [ 34.817620113016808, 31.223683213184195 ], [ 34.817619900007784, 31.22368500734396 ], [ 34.817619689094073, 31.223686802411873 ], [ 34.817619478184021, 31.223688596577926 ], [ 34.817619267270302, 31.223690391645867 ], [ 34.817619058455541, 31.22369218672009 ], [ 34.817618849640802, 31.223693981794344 ], [ 34.817618642928693, 31.223695775972981 ], [ 34.817618436212918, 31.223697571053542 ], [ 34.817618230546628, 31.22369936613725 ], [ 34.817618024876651, 31.223701162122868 ], [ 34.817617821309319, 31.223702957212886 ], [ 34.817617617741995, 31.223704752302897 ], [ 34.817617415224142, 31.223706547396077 ], [ 34.817617213752115, 31.223708343394314 ], [ 34.817617013333255, 31.223710138493793 ], [ 34.817616812910707, 31.223711934495178 ], [ 34.817616614590804, 31.223713729600966 ], [ 34.817616416267249, 31.223715525608643 ], [ 34.817616218993152, 31.223717321619503 ], [ 34.817616022768547, 31.223719117633497 ], [ 34.817615827593436, 31.223720913650673 ], [ 34.817615632418324, 31.223722709667822 ], [ 34.81761543829267, 31.223724505688136 ], [ 34.81761524521653, 31.223726301711594 ], [ 34.817615053189876, 31.223728097738224 ], [ 34.817614862209034, 31.223729894669884 ], [ 34.817614671231851, 31.223731690699665 ], [ 34.817614482353648, 31.22373348673576 ], [ 34.817614293471784, 31.223735283673726 ], [ 34.817614105639393, 31.223737080614871 ], [ 34.817613918860161, 31.223738876657269 ], [ 34.817613732077248, 31.223740673601561 ], [ 34.817613547393336, 31.223742470552175 ], [ 34.817613362709402, 31.223744267502777 ], [ 34.817613179074968, 31.223746064456538 ], [ 34.817612996489999, 31.223747861413457 ], [ 34.817612814954543, 31.223749658373514 ], [ 34.817612633419067, 31.223751455333581 ], [ 34.817612452933091, 31.223753252296817 ], [ 34.817612274546079, 31.223755049266344 ], [ 34.817612096155393, 31.223756847137786 ], [ 34.817611917768367, 31.223758644107299 ], [ 34.817611741480341, 31.223760441083158 ], [ 34.817611565188635, 31.223762238960912 ], [ 34.817611389946414, 31.223764036841811 ], [ 34.817611216806839, 31.223765833827116 ], [ 34.817611042614097, 31.223767631711155 ], [ 34.817610870520333, 31.223769429601539 ], [ 34.817610698426563, 31.223771227491881 ], [ 34.817610528431807, 31.22377302538856 ], [ 34.817610358437015, 31.22377482328524 ], [ 34.817610189491717, 31.223776621185074 ], [ 34.817610020546404, 31.223778419084905 ], [ 34.817609853700084, 31.223780216991017 ], [ 34.81760968685375, 31.223782014897168 ], [ 34.817609522102742, 31.223783813711528 ], [ 34.817609357355408, 31.22378561162397 ], [ 34.817609192608039, 31.223787409536413 ], [ 34.817609029955996, 31.223789208357076 ], [ 34.817608867307626, 31.223791006275832 ], [ 34.817608706754562, 31.2237928051028 ], [ 34.817608546201491, 31.223794603929772 ], [ 34.817608386701579, 31.223796401857989 ], [ 34.817608227197994, 31.223798200688105 ], [ 34.817608069793394, 31.223799999524552 ], [ 34.81760791238878, 31.223801798360981 ], [ 34.817607756033667, 31.223803597200568 ], [ 34.817607600728039, 31.223805396043311 ], [ 34.817607446471897, 31.223807194889208 ], [ 34.817607293265254, 31.223808993738267 ], [ 34.817607140058584, 31.223810792587319 ], [ 34.817606987897761, 31.223812592341435 ], [ 34.817606836790091, 31.223814391196786 ], [ 34.817606686731907, 31.223816190055317 ], [ 34.817606537719527, 31.22381798981889 ], [ 34.817606388710828, 31.223819788680565 ], [ 34.817606241797442, 31.223821588450431 ], [ 34.817606094887715, 31.223823387318433 ], [ 34.817605949023822, 31.223825187091457 ], [ 34.8176058042094, 31.223826986867646 ], [ 34.817605659398659, 31.223828785741958 ], [ 34.817605516683237, 31.223830585524453 ], [ 34.81760537396778, 31.223832385306959 ], [ 34.817605232301851, 31.22383418509261 ], [ 34.817605091685394, 31.223835984881418 ], [ 34.817604951068937, 31.223837784670248 ], [ 34.817604812551465, 31.22383958446537 ], [ 34.81760467403398, 31.223841384260488 ], [ 34.817604536565995, 31.223843184058758 ], [ 34.817604400147474, 31.223844983860204 ], [ 34.817604264774808, 31.223846784566692 ], [ 34.817604129405808, 31.223848584371293 ], [ 34.81760399613578, 31.223850384182189 ], [ 34.817603862862072, 31.223852184894994 ], [ 34.81760373064153, 31.223853984709052 ], [ 34.817603599466814, 31.22385578542815 ], [ 34.817603468295744, 31.223857585245362 ], [ 34.817603339220014, 31.22385938597079 ], [ 34.817603210147944, 31.223861185794295 ], [ 34.817603082121693, 31.223862986522875 ], [ 34.817602955144928, 31.223864787254605 ], [ 34.817602829217655, 31.223866587989487 ], [ 34.817602703294064, 31.223868387822474 ], [ 34.817602579465763, 31.223870188563684 ], [ 34.817602455637484, 31.223871989304886 ], [ 34.817602332858669, 31.223873790049225 ], [ 34.817602211129376, 31.223875590796744 ], [ 34.817602089400062, 31.223877391544235 ], [ 34.81760196976974, 31.223879192298064 ], [ 34.817601850135752, 31.223880993953774 ], [ 34.817601731554895, 31.223882794710743 ], [ 34.817601614023559, 31.223884595470878 ], [ 34.817601497541709, 31.223886396234164 ], [ 34.817601381056178, 31.223888197899345 ], [ 34.817601266673307, 31.223889998668938 ], [ 34.817601152290436, 31.223891799438523 ], [ 34.817601038953377, 31.223893601113179 ], [ 34.817600926669492, 31.223895401889099 ], [ 34.817600814381926, 31.223897203566892 ], [ 34.817600704197034, 31.223899004349118 ], [ 34.817600594008447, 31.223900806033214 ], [ 34.817600484869345, 31.223902607720479 ], [ 34.817600376783432, 31.223904408509007 ], [ 34.817600268693838, 31.223906210199452 ], [ 34.817600162703222, 31.223908011896171 ], [ 34.817600056712607, 31.223909813592915 ], [ 34.817599951775165, 31.223911614390897 ], [ 34.817599847883528, 31.223913416093946 ], [ 34.817599745041406, 31.223915217800162 ], [ 34.817599643248741, 31.223917019509514 ], [ 34.817599541456104, 31.223918821218863 ], [ 34.817599440712947, 31.223920622931374 ], [ 34.817599341019289, 31.223922424647036 ], [ 34.817599242375131, 31.22392422636586 ], [ 34.817599144776764, 31.223926028989744 ], [ 34.817599047182085, 31.223927830711723 ], [ 34.817598951686406, 31.223929632439997 ], [ 34.817598856190713, 31.223931434168311 ], [ 34.81759876174452, 31.223933235899754 ], [ 34.817598668344147, 31.223935038536229 ], [ 34.817598574947439, 31.223936840270831 ], [ 34.817598483649711, 31.22393864201176 ], [ 34.817598392348316, 31.223940444654563 ], [ 34.817598302100095, 31.223942246398629 ], [ 34.817598212897686, 31.223944049047741 ], [ 34.817598123698957, 31.223945850794987 ], [ 34.817598036595541, 31.223947653450388 ], [ 34.817597949495777, 31.223949455203922 ], [ 34.817597863441854, 31.223951257862527 ], [ 34.817597778437424, 31.223953060524256 ], [ 34.817597694486146, 31.223954862287258 ], [ 34.817597611580695, 31.223956664955303 ], [ 34.817597528675257, 31.223958467623373 ], [ 34.817597446822973, 31.22396026939267 ], [ 34.8175973660165, 31.223962072067039 ], [ 34.817597286259542, 31.223963874744559 ], [ 34.817597207552076, 31.22396567742523 ], [ 34.817597128844604, 31.223967480105898 ], [ 34.817597052236117, 31.223969282792886 ], [ 34.81759697562763, 31.223971085479857 ], [ 34.817596900072317, 31.223972887268111 ], [ 34.817596824513316, 31.223974689958254 ], [ 34.817596751053316, 31.22397649265471 ], [ 34.817596677593301, 31.223978295351163 ], [ 34.817596606228612, 31.22398009895582 ], [ 34.817596534867604, 31.223981901658583 ], [ 34.817596463506582, 31.223983704361338 ], [ 34.817596394244553, 31.223985507070406 ], [ 34.817596326032024, 31.223987309782647 ], [ 34.817596257819488, 31.223989112494877 ], [ 34.817596190656452, 31.223990915210237 ], [ 34.817596124539229, 31.223992718830701 ], [ 34.817596059475179, 31.223994521552378 ], [ 34.817595994411128, 31.223996324274086 ], [ 34.817595931446085, 31.22399812700208 ], [ 34.817595868477341, 31.223999930631987 ], [ 34.817595806561769, 31.224001733363163 ], [ 34.817595745695698, 31.224003536097467 ], [ 34.81759568482596, 31.224005339733687 ], [ 34.817595626058889, 31.224007142474303 ], [ 34.817595567291804, 31.224008945214951 ], [ 34.817595509570545, 31.224010748860621 ], [ 34.817595452902459, 31.224012551607547 ], [ 34.817595397280172, 31.224014355259552 ], [ 34.817595341661587, 31.22401615800964 ], [ 34.817595288138314, 31.224017961667936 ], [ 34.817595234618722, 31.224019764424366 ], [ 34.817595182144935, 31.224021568085824 ], [ 34.817595130724314, 31.224023370848531 ], [ 34.817595079300034, 31.224025174513141 ], [ 34.81759502997474, 31.224026978184071 ], [ 34.817594980653112, 31.224028780953095 ], [ 34.817594932377318, 31.224030584627187 ], [ 34.817594885154669, 31.224032387402506 ], [ 34.817594838977868, 31.224034191082904 ], [ 34.817594792801067, 31.224035994763302 ], [ 34.817594748726933, 31.2240377975481 ], [ 34.817594704649117, 31.2240396012348 ], [ 34.817594661620802, 31.22404140492467 ], [ 34.817594619641987, 31.224043208617676 ], [ 34.817594578716317, 31.224045011411953 ], [ 34.817594537786995, 31.224046815108125 ], [ 34.817594508975212, 31.224049509025548 ], [ 34.817594525771987, 31.224051311993399 ], [ 34.817594569852048, 31.224053115945207 ], [ 34.817594641226442, 31.224054918175295 ], [ 34.817594740937281, 31.224056720490594 ], [ 34.817594868991961, 31.224058521087297 ], [ 34.81759502434462, 31.224060319060374 ], [ 34.817595208037439, 31.224062116216754 ], [ 34.817595420077744, 31.224063910752701 ], [ 34.817595659416057, 31.224065702664969 ], [ 34.817595926052363, 31.224067491953612 ], [ 34.817596221039828, 31.224069277719863 ], [ 34.81759654332533, 31.224071060862485 ], [ 34.817596893969331, 31.224072838678943 ], [ 34.817597271914998, 31.224074612969837 ], [ 34.817597676116534, 31.224076382830184 ], [ 34.817598109722425, 31.224078148269363 ], [ 34.817598569587823, 31.224079908376087 ], [ 34.817599056762269, 31.224081663153459 ], [ 34.817599571249424, 31.224083411699578 ], [ 34.817600111999774, 31.224085154011348 ], [ 34.817600681108651, 31.224086890996922 ], [ 34.817601276488091, 31.224088619944304 ], [ 34.817601898130732, 31.224090342657302 ], [ 34.81760254708977, 31.224092058237179 ], [ 34.817603222315668, 31.224093766680731 ], [ 34.817603924865324, 31.224095466187404 ], [ 34.817604652632333, 31.224097158554592 ], [ 34.817605406677295, 31.224098841079797 ], [ 34.817606186992798, 31.224100515566814 ], [ 34.81760699358253, 31.224102181113739 ], [ 34.817607825397019, 31.224103837717418 ], [ 34.817608683493056, 31.224105483577212 ], [ 34.817609566813871, 31.224107120493773 ], [ 34.817610474320922, 31.224108745758233 ], [ 34.817611408102223, 31.224110362082584 ], [ 34.817612367119295, 31.224111966758006 ], [ 34.817613350322617, 31.224113559781308 ], [ 34.817614358758007, 31.22411514205757 ], [ 34.817615390330197, 31.224116712678601 ], [ 34.817616447141816, 31.224118270748754 ], [ 34.817617528139685, 31.22411981716683 ], [ 34.817618633327513, 31.224121351030888 ], [ 34.81761976165577, 31.224122872337798 ], [ 34.817620913128152, 31.224124380185639 ], [ 34.817622088794138, 31.224125874577577 ], [ 34.817623287604235, 31.224127355510483 ], [ 34.817624508508956, 31.224128822981147 ], [ 34.817625752565135, 31.224130275188969 ], [ 34.817627018715925, 31.224131713934558 ], [ 34.817628306965005, 31.224133138316038 ], [ 34.817629617316065, 31.224134547431508 ], [ 34.817630949769054, 31.224135941280942 ], [ 34.817632303274529, 31.224137319861224 ], [ 34.817633677836142, 31.224138682270439 ], [ 34.817635074499705, 31.224140029413626 ], [ 34.817636491169921, 31.224141360382582 ], [ 34.817637927846761, 31.224142675177308 ], [ 34.817639385583412, 31.224143972899057 ], [ 34.817640863326709, 31.22414525444659 ], [ 34.817642361083976, 31.224146518016063 ], [ 34.817643877798396, 31.224147765408205 ], [ 34.817645413477265, 31.224148994819121 ], [ 34.817646968120634, 31.224150206248854 ], [ 34.817648541728488, 31.224151399697405 ], [ 34.817650134300813, 31.224152575164783 ], [ 34.817651743738651, 31.224153732644641 ], [ 34.817653372144605, 31.224154871241417 ], [ 34.817655017416058, 31.224155991850708 ], [ 34.817656679560322, 31.224157092668676 ], [ 34.817658359623252, 31.224158174600387 ], [ 34.817660055509485, 31.224159236737691 ], [ 34.817661768264884, 31.224160279985547 ], [ 34.817663496843615, 31.224161303438958 ], [ 34.817665241249337, 31.224162306196035 ], [ 34.817667000425182, 31.224163290057366 ], [ 34.81766877543172, 31.22416425232047 ], [ 34.817670565208402, 31.224165195687835 ], [ 34.817672369766242, 31.224166117453763 ], [ 34.817674188052059, 31.224167018517068 ], [ 34.817676020065889, 31.224167898877685 ], [ 34.817677864758188, 31.224168758532475 ], [ 34.817679724231667, 31.224169596585845 ], [ 34.817681595337802, 31.224170413028343 ], [ 34.81768347066766, 31.224171223170135 ], [ 34.817685341770186, 31.224172040514464 ], [ 34.817687208641686, 31.224172865963251 ], [ 34.817689070232682, 31.224173699513308 ], [ 34.81769092655049, 31.224174539360838 ], [ 34.817692779683149, 31.224175388217866 ], [ 34.817694627542622, 31.224176243372408 ], [ 34.817696470121554, 31.224177106628211 ], [ 34.81769830846951, 31.224177977988468 ], [ 34.817700141540612, 31.224178856548093 ], [ 34.817701970384377, 31.22417974231027 ], [ 34.817703793951296, 31.224180635271821 ], [ 34.817705612237702, 31.224181536334669 ], [ 34.817707426296778, 31.224182444600064 ], [ 34.817709234029508, 31.224183360061684 ], [ 34.817711037534899, 31.224184282725833 ], [ 34.817712835759785, 31.224185213491293 ], [ 34.81771462870784, 31.224186151456124 ], [ 34.817716417432209, 31.224187095721614 ], [ 34.817718199826572, 31.224188048085221 ], [ 34.817719976940431, 31.224189008550098 ], [ 34.817721748781118, 31.224189975312505 ], [ 34.81772351534498, 31.224190949274281 ], [ 34.817725276631997, 31.224191930435431 ], [ 34.817727032642182, 31.22419291879601 ], [ 34.817728782322362, 31.224193915254691 ], [ 34.817730527778863, 31.22419491801401 ], [ 34.81773226690904, 31.224195927969589 ], [ 34.817733999712878, 31.224196945121403 ], [ 34.817735728289371, 31.224197969475746 ], [ 34.817737449493713, 31.224199000121281 ], [ 34.817739166467042, 31.22420003887126 ], [ 34.817740877117707, 31.22420108391557 ], [ 34.81774258144204, 31.224202136156116 ], [ 34.817744280489535, 31.224203195596068 ], [ 34.817745974263872, 31.224204261333494 ], [ 34.817747660658696, 31.224205335165902 ], [ 34.817749341784015, 31.224206414393915 ], [ 34.817751017628858, 31.224207501723207 ], [ 34.817752686101535, 31.22420859534369 ], [ 34.817754349297353, 31.22420969616358 ], [ 34.817756006170512, 31.224210803277789 ], [ 34.817757657766855, 31.224211917591408 ], [ 34.817759301991032, 31.224213038196186 ], [ 34.817760939888871, 31.224214165997239 ], [ 34.817762572513551, 31.224215300095757 ], [ 34.817764197766046, 31.224216440485471 ], [ 34.817765817741723, 31.224217588074573 ], [ 34.817767430341583, 31.224218742856781 ], [ 34.817769037671951, 31.224219903034555 ], [ 34.817770637626467, 31.224221070405431 ], [ 34.817772231258324, 31.224222244070653 ], [ 34.817773818563872, 31.224223424932124 ], [ 34.817775399546726, 31.224224612087909 ], [ 34.817776973161095, 31.224225804633015 ], [ 34.817778540449147, 31.224227004374352 ], [ 34.817780101414527, 31.224228210410018 ], [ 34.817781656053576, 31.22422942364193 ], [ 34.817783203324133, 31.224230642263141 ], [ 34.817784743222539, 31.224231867175547 ], [ 34.817786276798266, 31.224233098382278 ], [ 34.817787804047668, 31.224234336785255 ], [ 34.817789323928579, 31.224235580577542 ], [ 34.817790837486839, 31.224236830664168 ], [ 34.817792343672927, 31.224238087041961 ], [ 34.817793842486857, 31.224239349710952 ], [ 34.817795334981795, 31.224240617772427 ], [ 34.817796820100895, 31.224241893026964 ], [ 34.817798297851503, 31.224243173670786 ], [ 34.817799769279461, 31.224244460608951 ], [ 34.817801233338926, 31.224245752936433 ], [ 34.817802690026213, 31.224247051555089 ], [ 34.817804139341348, 31.22424835646493 ], [ 34.817805581288006, 31.224249666764077 ], [ 34.817807015862485, 31.224250983354427 ], [ 34.817808443064813, 31.224252306235964 ], [ 34.817809863948142, 31.224253634509935 ], [ 34.81781127641348, 31.224254968170069 ], [ 34.817812682556159, 31.224256308124538 ], [ 34.81781408028084, 31.224257653465148 ], [ 34.817815470633363, 31.224259005096954 ], [ 34.817816853617387, 31.224260362118045 ], [ 34.81781822923292, 31.224261724528457 ], [ 34.817820432614084, 31.224263934516038 ], [ 34.817822906076572, 31.224266314874345 ], [ 34.817824325907146, 31.224267644046904 ], [ 34.817825761535325, 31.2242689597383 ], [ 34.817827211904287, 31.224270263749158 ], [ 34.817828678070853, 31.224271554278797 ], [ 34.817830158978197, 31.224272833127955 ], [ 34.817831654633665, 31.224274098492742 ], [ 34.817833166086757, 31.224275350376359 ], [ 34.817834691234758, 31.224276589674385 ], [ 34.817836231130904, 31.224277815488051 ], [ 34.817837785775147, 31.224279027817406 ], [ 34.817839354121695, 31.224280225757351 ], [ 34.817840936163165, 31.224281411111697 ], [ 34.81784253295276, 31.224282582981719 ], [ 34.817844142398805, 31.224283739557301 ], [ 34.817845766589272, 31.224284883550435 ], [ 34.817847403436218, 31.224286012249109 ], [ 34.817849052932267, 31.224287127457146 ], [ 34.817986252302362, 31.223898455895515 ], [ 34.818081713509827, 31.223628043474651 ] ] ] } },
{ "type": "Feature", "properties": { "HelkaMerhav": "דרום", "TeurShita": "ארעי", "GUSH": 38457, "MisparHelka": 1, "BaalutBefoal": "קק\"ל", "MatzavRishum": "ביטול רישום לאחר הסדר", "ShetachBaalutKKL": 146013, "Shape__Area": 2127.2626043499999, "achuz_baalut_kkl": 100, "key": "38457-1-0", "achuz_baalut_kkl_lastMonth": 100.0, "ShetachBaalutKKL_lastMonth": 2127.0, "Area_calc_lastMonth": 2127.2626043605619, "Area_calc": 2127.2626043605619, "Areakkl_total_lastMonth": 2127.2626043605619, "Areakkl_total_current": 2127.2626043605619, "Area_diff": 0.0, "mavat_name_current": "יעוד עפ\"י תכנית מאושרת אחרת", "mavat_name_lastMonth": "יעוד עפ\"י תכנית מאושרת אחרת", "mavat_changed": false, "score_diff": 0.0, "type_status": "changed" }, "geometry": { "type": "Polygon", "coordinates": [ [ [ 34.817602010060718, 31.222768497802711 ], [ 34.817714987767673, 31.222443816249719 ], [ 34.81727732465729, 31.222331285263774 ], [ 34.817128615229102, 31.222760290987647 ], [ 34.817329782852127, 31.222811809325123 ], [ 34.817445096934122, 31.222841315031236 ], [ 34.817447981188053, 31.222842030805474 ], [ 34.817450009033806, 31.222842493272349 ], [ 34.817452046438824, 31.222842927808735 ], [ 34.817454092364677, 31.222843331705796 ], [ 34.817456145754484, 31.222843706764159 ], [ 34.817458205558793, 31.222844052980683 ], [ 34.817460271781272, 31.222844369453437 ], [ 34.817462344425564, 31.22284465528055 ], [ 34.817464421385388, 31.222844912259514 ], [ 34.817466503713888, 31.222845139491554 ], [ 34.817468590361557, 31.222845336973542 ], [ 34.817470680282611, 31.222845503800436 ], [ 34.817472773473341, 31.222845640874059 ], [ 34.817474868884311, 31.222845748191325 ], [ 34.817476965465971, 31.222845825749047 ], [ 34.817479064271524, 31.222845872648509 ], [ 34.817481162145143, 31.222845890684027 ], [ 34.817483261196813, 31.222845877156196 ], [ 34.817485360366064, 31.222845834767575 ], [ 34.817487457561214, 31.222845761708044 ], [ 34.817489552778625, 31.222845658879496 ], [ 34.817491646021956, 31.222845525380059 ], [ 34.81749373623807, 31.222845362108441 ], [ 34.817495823423251, 31.222845169966579 ], [ 34.817497906535394, 31.222844947147504 ], [ 34.817499984521305, 31.222844694549938 ], [ 34.817502057381006, 31.222844412173885 ], [ 34.817504125114496, 31.222844100019369 ], [ 34.817506185619116, 31.222843758981959 ], [ 34.817508239951707, 31.222843387261022 ], [ 34.817510287051746, 31.222842987559094 ], [ 34.817512324827632, 31.222842558066073 ], [ 34.817514355378322, 31.222842098788259 ], [ 34.817516375548003, 31.222841611519961 ], [ 34.817518386393516, 31.222841094460584 ], [ 34.817520387907493, 31.222840549413913 ], [ 34.817522377994663, 31.222839975471722 ], [ 34.817524355605528, 31.222839372630851 ], [ 34.817526322831696, 31.222838742701416 ], [ 34.817528276532073, 31.222838083870183 ], [ 34.817530217752477, 31.222837397042152 ], [ 34.817532144390263, 31.222836683112941 ], [ 34.817534058548041, 31.222835941186968 ], [ 34.817535957073702, 31.22283517215665 ], [ 34.817537839967251, 31.222834376021996 ], [ 34.817539708278161, 31.222833552786163 ], [ 34.817541559903781, 31.222832703344746 ], [ 34.817543393798317, 31.222831826792675 ], [ 34.817545212053403, 31.222830924940052 ], [ 34.817547011524226, 31.222829996875525 ], [ 34.817548793256599, 31.222829043504156 ], [ 34.817550556204708, 31.222828063920876 ], [ 34.817552299311743, 31.222827059926338 ], [ 34.817554023630848, 31.222826030621803 ], [ 34.817555727059371, 31.222824976902849 ], [ 34.817557409597349, 31.222823898769466 ], [ 34.81755907124105, 31.222822797123559 ], [ 34.817560711990488, 31.222821671965139 ], [ 34.817562329746735, 31.222820523287925 ], [ 34.817563925559249, 31.222819351095005 ], [ 34.81756549837484, 31.222818156285175 ], [ 34.8175670481899, 31.22281693976031 ], [ 34.817568572909082, 31.222815700612212 ], [ 34.817570074627696, 31.222814439749076 ], [ 34.817571551243113, 31.222813158066515 ], [ 34.81757300275531, 31.222811855564501 ], [ 34.817574429167969, 31.222810531341164 ], [ 34.817575829420591, 31.222809188099045 ], [ 34.817577203520514, 31.222807824034312 ], [ 34.817578550410914, 31.222806440947611 ], [ 34.817579871141298, 31.222805038842157 ], [ 34.817581163612651, 31.222803617711588 ], [ 34.817582428870821, 31.222802178460952 ], [ 34.817583665862628, 31.222800721989024 ], [ 34.817584874591759, 31.222799247393901 ], [ 34.817586055054541, 31.222797755577446 ], [ 34.81758720620148, 31.222796246536554 ], [ 34.817588326975759, 31.222794722071846 ], [ 34.817589418430536, 31.222793181284572 ], [ 34.817590480562124, 31.222791625076635 ], [ 34.817591512317392, 31.222790054346785 ], [ 34.817592512646833, 31.222788469091867 ], [ 34.817593482599953, 31.222786869315048 ], [ 34.817594421123566, 31.222785255915049 ], [ 34.817595328217692, 31.222783628891865 ], [ 34.817596203875006, 31.222781990049324 ], [ 34.817597048099159, 31.222780338485524 ], [ 34.817597859836987, 31.222778675099164 ], [ 34.817598639088494, 31.222776999890304 ], [ 34.817599384800559, 31.222775313757651 ], [ 34.817600099068443, 31.222773617609423 ], [ 34.817600779793189, 31.222771911439331 ], [ 34.817601426974804, 31.222770195247328 ], [ 34.817602029978893, 31.222768503274068 ], [ 34.817602010060718, 31.222768497802711 ] ] ] } },
{ "type": "Feature", "properties": { "HelkaMerhav": "דרום", "TeurShita": "ארעי", "GUSH": 38458, "MisparHelka": 1, "BaalutBefoal": "קק\"ל", "MatzavRishum": "ביטול רישום לאחר הסדר", "ShetachBaalutKKL": 151550, "Shape__Area": 3454.7061711900001, "achuz_baalut_kkl": 100, "key": "38458-1-0", "achuz_baalut_kkl_lastMonth": 100.0, "ShetachBaalutKKL_lastMonth": 3455.0, "Area_calc_lastMonth": 3454.706171189604, "Area_calc": 3454.7061711896035, "Areakkl_total_lastMonth": 3454.706171189604, "Areakkl_total_current": 3454.7061711896035, "Area_diff": 0.0, "mavat_name_current": "יעוד עפ\"י תכנית מאושרת אחרת", "mavat_name_lastMonth": "יעוד עפ\"י תכנית מאושרת אחרת", "mavat_changed": false, "score_diff": 0.0, "type_status": "changed" }, "geometry": { "type": "Polygon", "coordinates": [ [ [ 34.813798681754172, 31.219387099286813 ], [ 34.813754312197709, 31.219971176780863 ], [ 34.814324885414031, 31.219976443799283 ], [ 34.814368519975758, 31.219399272493249 ], [ 34.814366435905271, 31.219399489847742 ], [ 34.814364352895339, 31.219399704499708 ], [ 34.814362267793904, 31.219399917341498 ], [ 34.814360183753024, 31.219400127480707 ], [ 34.814358098673779, 31.219400334911008 ], [ 34.81435601360193, 31.219400540537499 ], [ 34.814353927491744, 31.219400743455061 ], [ 34.814351841392664, 31.219400943666891 ], [ 34.81434975530096, 31.219401142074872 ], [ 34.814347669220375, 31.219401337777153 ], [ 34.814345582097737, 31.219401531672421 ], [ 34.81434349498619, 31.219401722861935 ], [ 34.814341407885763, 31.219401911345752 ], [ 34.814339319746978, 31.219402097120621 ], [ 34.814337232665025, 31.219402281094833 ], [ 34.814335143495306, 31.219402462356975 ], [ 34.814333055382406, 31.219402641818466 ], [ 34.814330966231175, 31.219402818571069 ], [ 34.814328877091057, 31.219402992617898 ], [ 34.814326787958308, 31.2194031648609 ], [ 34.814324698840387, 31.219403333496302 ], [ 34.814322608676711, 31.219403501226555 ], [ 34.814320518527836, 31.21940366534918 ], [ 34.814318428386358, 31.219403827668021 ], [ 34.81431633720284, 31.219403988179796 ], [ 34.814314246034115, 31.21940414508396 ], [ 34.814312154872802, 31.219404300184301 ], [ 34.814310063718871, 31.219404453480777 ], [ 34.814307972579776, 31.219404603169647 ], [ 34.814305880398628, 31.219404751051513 ], [ 34.814303788224862, 31.219404897129532 ], [ 34.814301696065904, 31.219405039599916 ], [ 34.814299603910669, 31.219405181168387 ], [ 34.814297510720777, 31.21940531912605 ], [ 34.814295417538283, 31.219405455279858 ], [ 34.814293324366908, 31.219405588727948 ], [ 34.814291231206617, 31.219405719470291 ], [ 34.814289138053738, 31.219405848408794 ], [ 34.814287043862514, 31.21940597463843 ], [ 34.81428495072813, 31.219406099067392 ], [ 34.814282856559139, 31.219406219885528 ], [ 34.814280761344371, 31.219406339798564 ], [ 34.814278667193875, 31.219406456107155 ], [ 34.814276573050762, 31.219406570611902 ], [ 34.814274477869326, 31.219406682407762 ], [ 34.814272382698988, 31.21940679149785 ], [ 34.814270287536047, 31.219406898784115 ], [ 34.814268192384233, 31.219407003364683 ], [ 34.814266096190359, 31.21940710613821 ], [ 34.81426400105704, 31.219407206209208 ], [ 34.814261904885385, 31.219407303571256 ], [ 34.814259808724827, 31.219407398227602 ], [ 34.814257712571681, 31.219407491080119 ], [ 34.814255616425939, 31.219407582128774 ], [ 34.814253520295004, 31.219407669569833 ], [ 34.814251424171488, 31.219407755207044 ], [ 34.814249327009613, 31.219407838135343 ], [ 34.814247229855162, 31.219407919259819 ], [ 34.814245133761247, 31.219407997681749 ], [ 34.814243036629001, 31.219408073394732 ], [ 34.814240939507862, 31.219408146402007 ], [ 34.814238841344675, 31.219408217602265 ], [ 34.814236744242066, 31.219408286099977 ], [ 34.814234647146833, 31.219408352793874 ], [ 34.81423254901329, 31.219408416778826 ], [ 34.814230451940283, 31.219408478061254 ], [ 34.814228353825236, 31.219408537536644 ], [ 34.814226255721316, 31.219408594306334 ], [ 34.81422415762848, 31.219408648370269 ], [ 34.814222059546779, 31.219408699728497 ], [ 34.814219961472475, 31.219408749282856 ], [ 34.814217863405574, 31.21940879703342 ], [ 34.814215765353481, 31.219408841176314 ], [ 34.814213667308806, 31.219408883515417 ], [ 34.814211569275251, 31.21940892314878 ], [ 34.81420947019965, 31.219408960975105 ], [ 34.814207372184597, 31.219408996098888 ], [ 34.814205273131201, 31.219409028513752 ], [ 34.814203174085229, 31.219409059124814 ], [ 34.814201076103501, 31.219409086131432 ], [ 34.814198977076053, 31.219409112232903 ], [ 34.814196878063413, 31.219409134726753 ], [ 34.814194780107634, 31.219409155419957 ], [ 34.814192681113511, 31.219409173404252 ], [ 34.814190582126798, 31.219409189584713 ], [ 34.814188483151199, 31.219409203059424 ], [ 34.814186384186698, 31.219409213828431 ], [ 34.814184285229629, 31.21940922279359 ], [ 34.814182186283666, 31.21940922905301 ], [ 34.814180087348809, 31.219409232606708 ], [ 34.814177988425072, 31.219409233454702 ], [ 34.814175889508746, 31.219409232498837 ], [ 34.814173790599838, 31.219409229739146 ], [ 34.814171691705731, 31.219409223371819 ], [ 34.814169592819034, 31.219409215200656 ], [ 34.814167493943444, 31.219409204323764 ], [ 34.814165395075285, 31.219409191643059 ], [ 34.81416314195323, 31.2194091748867 ], [ 34.813798681754172, 31.219387099286813 ] ] ] } },
{ "type": "Feature", "properties": { "HelkaMerhav": "דרום", "TeurShita": "ארעי", "GUSH": 38463, "MisparHelka": 1, "BaalutBefoal": "קק\"ל", "MatzavRishum": "ביטול רישום לאחר הסדר", "ShetachBaalutKKL": 206828, "Shape__Area": 66382.801590479998, "achuz_baalut_kkl": 100, "key": "38463-1-0", "achuz_baalut_kkl_lastMonth": 100.0, "ShetachBaalutKKL_lastMonth": 66357.0, "Area_calc_lastMonth": 66382.801590429954, "Area_calc": 66382.801590429954, "Areakkl_total_lastMonth": 66382.801590429954, "Areakkl_total_current": 66382.801590429954, "Area_diff": 0.0, "mavat_name_current": null, "mavat_name_lastMonth": null, "mavat_changed": true, "score_diff": 0.0, "type_status": "changed" }, "geometry": { "type": "Polygon", "coordinates": [ [ [ 34.824672756885768, 31.226255688291044 ], [ 34.824672755836239, 31.226255688287942 ], [ 34.824672754786732, 31.226255688284837 ], [ 34.824672753737204, 31.226255688281732 ], [ 34.822072613737966, 31.226831340441706 ], [ 34.822069910908247, 31.226831925863564 ], [ 34.822069909858712, 31.226831925860441 ], [ 34.82206586937248, 31.226832905949802 ], [ 34.822063854304375, 31.226833414048013 ], [ 34.822059844948122, 31.226834482616869 ], [ 34.822059844944484, 31.226834483518754 ], [ 34.822057850663583, 31.226835042185588 ], [ 34.822055860508193, 31.226835618902857 ], [ 34.822053878676371, 31.226836213682997 ], [ 34.822049935807229, 31.226837452008176 ], [ 34.8220499347577, 31.226837452005046 ], [ 34.822046023098409, 31.226838758967986 ], [ 34.822044076616464, 31.226839436828726 ], [ 34.822040210736951, 31.226840843137644 ], [ 34.822036378173593, 31.226842316286771 ], [ 34.822032581032715, 31.226843854478567 ], [ 34.822028821413383, 31.226845457719271 ], [ 34.82202882036384, 31.226845457716141 ], [ 34.822025098266032, 31.226847126005794 ], [ 34.822021413697001, 31.226848857540563 ], [ 34.822019588110514, 31.22684974680719 ], [ 34.822015968234531, 31.22685157233272 ], [ 34.822012390092695, 31.226853459312061 ], [ 34.822012390089064, 31.22685346021397 ], [ 34.822008855780446, 31.226855408653375 ], [ 34.822008854730917, 31.226855408650252 ], [ 34.822005368453617, 31.226857418562204 ], [ 34.822003643069785, 31.226858445216777 ], [ 34.822001928123107, 31.226859486332874 ], [ 34.822000227811728, 31.226860541923045 ], [ 34.821996860592257, 31.226862698298088 ], [ 34.821995197889564, 31.226863797291664 ], [ 34.821993545616763, 31.226864912550571 ], [ 34.821990282899726, 31.226867181072937 ], [ 34.821988672441002, 31.226868337943934 ], [ 34.821988671391459, 31.226868337940811 ], [ 34.821985488104445, 31.226870689674875 ], [ 34.821985488100815, 31.226870690576785 ], [ 34.821982361263117, 31.226873098397011 ], [ 34.82197929298836, 31.226875558701988 ], [ 34.821977778708487, 31.22687680965743 ], [ 34.821976279078413, 31.226878071479341 ], [ 34.821973325830449, 31.22688063674773 ], [ 34.82197187222706, 31.226881936586611 ], [ 34.821970433258983, 31.226883250899551 ], [ 34.82196760136403, 31.226885913934858 ], [ 34.821967600314508, 31.226885913931728 ], [ 34.821966209479442, 31.226887264464132 ], [ 34.821966209475811, 31.226887265366017 ], [ 34.821963471755119, 31.22688999903017 ], [ 34.821960798909068, 31.226892781590319 ], [ 34.82195948550666, 31.226894190075082 ], [ 34.821956911047522, 31.22689703966897 ], [ 34.821954403583874, 31.226899932753682 ], [ 34.821953176032146, 31.226901393804425 ], [ 34.821951963122984, 31.226902867525403 ], [ 34.821950769069019, 31.22690435032154 ], [ 34.821949591763925, 31.226905843990419 ], [ 34.821949591760287, 31.226905844892308 ], [ 34.821948433303128, 31.226907349440101 ], [ 34.821946166657241, 31.226910385742428 ], [ 34.821946165607706, 31.226910385739313 ], [ 34.821943970177237, 31.226913460133581 ], [ 34.821942899691642, 31.226915011842216 ], [ 34.821940813187013, 31.226918142478691 ], [ 34.821939797167957, 31.226919721406535 ], [ 34.821937819610959, 31.226922902873874 ], [ 34.821935917482051, 31.226926118838055 ], [ 34.82193591747842, 31.226926119739932 ], [ 34.821934090784872, 31.226929368397148 ], [ 34.821932339533952, 31.226932647943578 ], [ 34.821930665839275, 31.226935954777915 ], [ 34.82192985727837, 31.226937620905918 ], [ 34.821928298864883, 31.226940969570858 ], [ 34.821927548997756, 31.226942655715398 ], [ 34.821927548994118, 31.226942656617286 ], [ 34.821926820103052, 31.226944346431829 ], [ 34.821925418908378, 31.226947747875023 ], [ 34.82192541785885, 31.2269477478719 ], [ 34.821924096341299, 31.226951171197854 ], [ 34.821922854493586, 31.226954618210325 ], [ 34.82192226397342, 31.226956349924158 ], [ 34.821921143754977, 31.226959826159444 ], [ 34.821921143751354, 31.226959827061346 ], [ 34.821920103224606, 31.226963321571798 ], [ 34.821919613372188, 31.226965075230805 ], [ 34.821918696581086, 31.226968597166486 ], [ 34.821917861602522, 31.22697213197219 ], [ 34.821917474531475, 31.226973903975065 ], [ 34.821916763310369, 31.226977460794586 ], [ 34.821916439174856, 31.226979242003715 ], [ 34.821916439171211, 31.2269792429056 ], [ 34.821916136011801, 31.226981027784721 ], [ 34.821915590536712, 31.226984604939172 ], [ 34.821915128987783, 31.226988191362299 ], [ 34.821914928646095, 31.226989985566291 ], [ 34.821914593004628, 31.226993581382924 ], [ 34.821914455605778, 31.226995382989355 ], [ 34.82191433920481, 31.226997182854408 ], [ 34.821914339201186, 31.226997183756335 ], [ 34.821914245882652, 31.226998985493861 ], [ 34.821914171448427, 31.227000789091342 ], [ 34.821914085559165, 31.227004394669816 ], [ 34.821914074096853, 31.227006198454585 ], [ 34.821914085724231, 31.227008002308025 ], [ 34.821914167752809, 31.227011610189681 ], [ 34.821914333758492, 31.22701521471344 ], [ 34.821914333754847, 31.227015215615324 ], [ 34.821914585836701, 31.22701881678741 ], [ 34.821914742321326, 31.22702061566018 ], [ 34.821914919803859, 31.22702241279157 ], [ 34.821915118284295, 31.227024208181572 ], [ 34.821915337762668, 31.227026001830207 ], [ 34.821915578238951, 31.227027793737463 ], [ 34.821915839713135, 31.227029583903345 ], [ 34.821916423563493, 31.227033157200985 ], [ 34.821916423559848, 31.227033158102881 ], [ 34.821917091423678, 31.227036719023591 ], [ 34.821917843300987, 31.227040267567432 ], [ 34.821918249690626, 31.227042038322249 ], [ 34.821918674993647, 31.227043803721859 ], [ 34.821919590707097, 31.227047325695601 ], [ 34.821920588356768, 31.227050829874848 ], [ 34.821920588353123, 31.227050830776729 ], [ 34.822882482983196, 31.230291244241762 ], [ 34.822882484029137, 31.230291245146777 ], [ 34.822882484025513, 31.230291246048679 ], [ 34.822882485071467, 31.230291246953701 ], [ 34.822882486117408, 31.230291247858716 ], [ 34.822882487163355, 31.230291248763727 ], [ 34.822882488209295, 31.230291249668731 ], [ 34.822882489258859, 31.230291249671847 ], [ 34.822882490304806, 31.230291250576869 ], [ 34.822882491354385, 31.230291250579977 ], [ 34.822882492403949, 31.230291250583075 ], [ 34.82288249345352, 31.230291250586198 ], [ 34.822882494503084, 31.230291250589296 ], [ 34.822882495552655, 31.230291250592433 ], [ 34.822882496602219, 31.230291250595531 ], [ 34.822882497655421, 31.230291249696744 ], [ 34.822882498704971, 31.23029124969986 ], [ 34.822998468980501, 31.230241077751842 ], [ 34.822998470033681, 31.230241076853076 ], [ 34.822998471083231, 31.230241076856174 ], [ 34.822998471086855, 31.230241075954282 ], [ 34.823790796816283, 31.229550333153007 ], [ 34.823790797869449, 31.229550332254227 ], [ 34.823790797873059, 31.229550331352328 ], [ 34.82379079892263, 31.229550331355441 ], [ 34.823790798926247, 31.229550330453542 ], [ 34.82379079997942, 31.229550329554751 ], [ 34.823790799983023, 31.229550328652845 ], [ 34.824672767337745, 31.226255699144808 ], [ 34.824672767341347, 31.226255698242905 ], [ 34.82467276734495, 31.226255697341003 ], [ 34.824672767348559, 31.226255696439104 ], [ 34.824672767352162, 31.226255695537219 ], [ 34.824672767355764, 31.226255694635316 ], [ 34.824672766306243, 31.226255694632219 ], [ 34.824672766309853, 31.226255693730302 ], [ 34.824672766313469, 31.226255692828406 ], [ 34.824672765263934, 31.226255692825312 ], [ 34.824672765267543, 31.226255691923409 ], [ 34.824672764221631, 31.226255691018416 ], [ 34.824672763175698, 31.226255690113419 ], [ 34.824672762126184, 31.226255690110321 ], [ 34.824672762129786, 31.226255689208411 ], [ 34.824672761080258, 31.22625568920532 ], [ 34.824672760030737, 31.226255689202237 ], [ 34.824672760034339, 31.226255688300345 ], [ 34.824672758984818, 31.226255688297233 ], [ 34.824672757935296, 31.226255688294131 ], [ 34.824672756885768, 31.226255688291044 ] ] ] } },
{ "type": "Feature", "properties": { "HelkaMerhav": "דרום", "TeurShita": "ארעי", "GUSH": 38464, "MisparHelka": 1, "BaalutBefoal": "קק\"ל", "MatzavRishum": "ביטול רישום לאחר הסדר", "ShetachBaalutKKL": 278291, "Shape__Area": 258641.26739883001, "achuz_baalut_kkl": 100, "key": "38464-1-0", "achuz_baalut_kkl_lastMonth": 100.0, "ShetachBaalutKKL_lastMonth": 258639.0, "Area_calc_lastMonth": 258641.26739892509, "Area_calc": 258641.26739892506, "Areakkl_total_lastMonth": 258641.26739892509, "Areakkl_total_current": 258641.26739892506, "Area_diff": 0.0, "mavat_name_current": null, "mavat_name_lastMonth": null, "mavat_changed": true, "score_diff": 0.0, "type_status": "changed" }, "geometry": { "type": "Polygon", "coordinates": [ [ [ 34.819116372166697, 31.227472560719718 ], [ 34.819116371117161, 31.227472560716578 ], [ 34.81911637006764, 31.227472560713434 ], [ 34.81423933675606, 31.228530228002789 ], [ 34.81423933570651, 31.228530227999602 ], [ 34.814239335702808, 31.228530228901505 ], [ 34.814239334653259, 31.228530228898318 ], [ 34.814235446711457, 31.228531851362444 ], [ 34.814235445661915, 31.228531851359271 ], [ 34.814231593145244, 31.228533537064351 ], [ 34.814227778160209, 31.228535284212999 ], [ 34.814224002798483, 31.228537094615358 ], [ 34.814220269173966, 31.228538964670211 ], [ 34.81421657727924, 31.228540896181343 ], [ 34.814216577275538, 31.228540897083242 ], [ 34.814212927110624, 31.228542890050679 ], [ 34.814212926061074, 31.228542890047493 ], [ 34.814209321838973, 31.228544940876365 ], [ 34.81420576355967, 31.228547049566703 ], [ 34.814202253322279, 31.228549216124854 ], [ 34.814198791126778, 31.228551440550817 ], [ 34.814195376987975, 31.228553719237016 ], [ 34.814192015089276, 31.228556055803818 ], [ 34.814188705452864, 31.22855844483977 ], [ 34.814188704403314, 31.22855844483658 ], [ 34.814185449120913, 31.228560888151915 ], [ 34.814185449117204, 31.228560889053817 ], [ 34.814182248196197, 31.228563384844716 ], [ 34.814179101636604, 31.228565933111167 ], [ 34.81417601364403, 31.228568532062134 ], [ 34.814172982126763, 31.228571179887474 ], [ 34.814170011275607, 31.228573878403708 ], [ 34.814167099006276, 31.228576623996847 ], [ 34.814167097956741, 31.228576623993668 ], [ 34.814164246368335, 31.22857941667014 ], [ 34.814164246364633, 31.228579417572035 ], [ 34.81416145966277, 31.228582255540758 ], [ 34.814158733649244, 31.228585138789008 ], [ 34.814156072522266, 31.228588067329536 ], [ 34.814153478395752, 31.228591037561102 ], [ 34.81415094917061, 31.228594049477348 ], [ 34.814148486945925, 31.228597103084649 ], [ 34.814146091736539, 31.228600194775435 ], [ 34.814146091732837, 31.22860019567733 ], [ 34.81414376563044, 31.228603327261727 ], [ 34.814143764580905, 31.228603327258558 ], [ 34.814141509691993, 31.228606496939189 ], [ 34.814139323932324, 31.22860970110208 ], [ 34.814137209393564, 31.228612941557405 ], [ 34.814135166090566, 31.228616214697563 ], [ 34.814133196122413, 31.228619520528945 ], [ 34.814133196118711, 31.228619521430854 ], [ 34.814131299485418, 31.228622859953447 ], [ 34.814129478293495, 31.228626229369841 ], [ 34.814127730458665, 31.228629626066084 ], [ 34.814126058072645, 31.22863305185232 ], [ 34.814124463241932, 31.228636504931139 ], [ 34.814124463238237, 31.228636505833023 ], [ 34.81412294387858, 31.228639982590465 ], [ 34.814121502081662, 31.22864348483672 ], [ 34.814120137862332, 31.228647008964199 ], [ 34.814120136812775, 31.228647008961008 ], [ 34.814118850171013, 31.228650554969672 ], [ 34.814117641106854, 31.228654122859542 ], [ 34.814116513840716, 31.228657707231999 ], [ 34.814116513837007, 31.228657708133895 ], [ 34.81411546415589, 31.228661312583764 ], [ 34.814114494181148, 31.228664931706046 ], [ 34.814113603905355, 31.228668567304524 ], [ 34.814112795435044, 31.228672217581778 ], [ 34.814112068785036, 31.228675878930218 ], [ 34.814112068781334, 31.228675879832153 ], [ 34.814111421852573, 31.228679552245417 ], [ 34.814110854652455, 31.228683233919746 ], [ 34.814110371371761, 31.22868692667161 ], [ 34.814109969933675, 31.228690625083299 ], [ 34.814109648239075, 31.228694329148453 ], [ 34.8141094104936, 31.228698037075976 ], [ 34.814109410489912, 31.228698037977878 ], [ 34.814109252487967, 31.228701751558852 ], [ 34.814109178449968, 31.228705465394604 ], [ 34.814109186276866, 31.22870917947883 ], [ 34.81410927596864, 31.228712893811441 ], [ 34.814109447540147, 31.228716604784907 ], [ 34.814109447536445, 31.228716605686827 ], [ 34.814109700980275, 31.22872031510493 ], [ 34.814110036318667, 31.228724017556281 ], [ 34.81411045354421, 31.22872771484468 ], [ 34.81411095266435, 31.228731405166336 ], [ 34.814111533686493, 31.228735086717442 ], [ 34.814111533682791, 31.228735087619327 ], [ 34.814112194515261, 31.228738758589703 ], [ 34.814112937264603, 31.228742417181952 ], [ 34.814873303552808, 31.231664662386574 ], [ 34.814878160791487, 31.231683667682312 ], [ 34.814883097874372, 31.23170265518149 ], [ 34.814888118985031, 31.231721628504399 ], [ 34.814893222031756, 31.23174058584091 ], [ 34.814898404915425, 31.231759527184597 ], [ 34.814903671841819, 31.231778450744379 ], [ 34.814909018605235, 31.231797358311379 ], [ 34.81491444731229, 31.231816248088091 ], [ 34.814919957963063, 31.231835120074546 ], [ 34.814919957959354, 31.231835120976438 ], [ 34.814925550546455, 31.231853976976417 ], [ 34.814931222985564, 31.231872813375929 ], [ 34.814936977368525, 31.231891631985139 ], [ 34.814942811596161, 31.231910432797687 ], [ 34.814948727775118, 31.23192921401612 ], [ 34.814954725905437, 31.231947975640416 ], [ 34.814960803880609, 31.231966719467998 ], [ 34.81496696380723, 31.231985443701451 ], [ 34.814973203586149, 31.232004148334386 ], [ 34.814979523224871, 31.23202283156299 ], [ 34.814985924815147, 31.232041495197411 ], [ 34.814992406257893, 31.232060139231287 ], [ 34.814998967560534, 31.232078761860784 ], [ 34.81500561082229, 31.232097363092283 ], [ 34.815012331844855, 31.232115942913044 ], [ 34.815019134826613, 31.232134501335771 ], [ 34.815026017668437, 31.232153038354078 ], [ 34.815032980370368, 31.23217155396798 ], [ 34.815032981419968, 31.232171553971142 ], [ 34.815040023989454, 31.232190046376832 ], [ 34.815047144327352, 31.232208515567908 ], [ 34.81505434662467, 31.232226963360862 ], [ 34.815061626690472, 31.232245387939248 ], [ 34.815068988723169, 31.232263789315681 ], [ 34.815076428531846, 31.232282165673695 ], [ 34.815083946109141, 31.232300518817031 ], [ 34.815091545653445, 31.232318848758403 ], [ 34.815099222973835, 31.232337153681307 ], [ 34.815106978070368, 31.23235543358571 ], [ 34.815114813034867, 31.232373690281786 ], [ 34.815114813031173, 31.232373691183675 ], [ 34.815122727878453, 31.232391921063783 ], [ 34.815130718402791, 31.232410125918964 ], [ 34.815138790901798, 31.232428305768334 ], [ 34.815146939085338, 31.23244645878901 ], [ 34.815155167144447, 31.232464586797438 ], [ 34.815163470888159, 31.232482687977154 ], [ 34.81517185450749, 31.232500764144589 ], [ 34.815180315918099, 31.232518811685821 ], [ 34.815188855112616, 31.232536832404644 ], [ 34.815197472091093, 31.232554826301008 ], [ 34.815206166860946, 31.232572791571108 ], [ 34.81521493941483, 31.232590730018771 ], [ 34.815223787660969, 31.23260863983376 ], [ 34.815232713698606, 31.232626521022489 ], [ 34.815241717520379, 31.232644375388656 ], [ 34.815250799141118, 31.232662199324714 ], [ 34.815259956454248, 31.232679994628086 ], [ 34.815269189459841, 31.232697761298713 ], [ 34.815278500264462, 31.232715497539196 ], [ 34.815287886761631, 31.232733205146932 ], [ 34.815297351065311, 31.232750880520648 ], [ 34.815306891061574, 31.232768527261598 ], [ 34.815316506757839, 31.232786143565971 ], [ 34.815326198154153, 31.232803729433726 ], [ 34.81533596525793, 31.23282128306106 ], [ 34.815345808061828, 31.232838806251767 ], [ 34.815355726573252, 31.232856297202019 ], [ 34.815365720784825, 31.232873757715591 ], [ 34.815375788604825, 31.232891185982353 ], [ 34.815375788601138, 31.232891186884245 ], [ 34.815385934227947, 31.232908582916849 ], [ 34.815396153470608, 31.232925944898764 ], [ 34.815406446314384, 31.232943276437599 ], [ 34.815416814873259, 31.232960573932083 ], [ 34.815427259139902, 31.232977839186013 ], [ 34.81543777702251, 31.232995070389208 ], [ 34.815448368521125, 31.233012267541643 ], [ 34.815459033635776, 31.233029430643317 ], [ 34.815469774458293, 31.233046561504334 ], [ 34.8154805889043, 31.23306365651079 ], [ 34.815491474867216, 31.233080717460023 ], [ 34.815502436552876, 31.233097742561007 ], [ 34.815513471854707, 31.233114733611114 ], [ 34.815524578680957, 31.233131688800221 ], [ 34.815535759123421, 31.233148609938436 ], [ 34.815547013196912, 31.233165493418138 ], [ 34.815558338787497, 31.233182342840536 ], [ 34.815569738009181, 31.233199154604435 ], [ 34.815581210854567, 31.233215930513573 ], [ 34.815592753132698, 31.233232668751395 ], [ 34.815604369034617, 31.233249371134441 ], [ 34.815616058560344, 31.23326603766267 ], [ 34.815627817526263, 31.233282664715755 ], [ 34.815639648016827, 31.233299255907646 ], [ 34.815639649066433, 31.233299255910833 ], [ 34.815651553195636, 31.233315807640242 ], [ 34.815663526757731, 31.233332321698295 ], [ 34.815675571851948, 31.233348798091292 ], [ 34.81568768847827, 31.233365236819211 ], [ 34.815699874552323, 31.233381634268067 ], [ 34.815724379317274, 31.233414342979934 ], [ 34.815724379313586, 31.233414343881819 ], [ 34.815724380359477, 31.23341434478689 ], [ 34.815724381405403, 31.233414345691973 ], [ 34.815724382455009, 31.233414345695149 ], [ 34.815724382451307, 31.233414346597019 ], [ 34.815724383500928, 31.233414346600199 ], [ 34.815724384546826, 31.233414347505271 ], [ 34.815724385596425, 31.23341434750844 ], [ 34.815724386646025, 31.233414347511602 ], [ 34.815724387695631, 31.233414347514788 ], [ 34.815724388745238, 31.233414347517957 ], [ 34.815724389794838, 31.233414347521137 ], [ 34.815724390844437, 31.233414347524306 ], [ 34.815724391897731, 31.233414346625569 ], [ 34.816489208392554, 31.233150529825753 ], [ 34.816939711464492, 31.233045301308845 ], [ 34.816939711468173, 31.233045300406946 ], [ 34.816939712517765, 31.233045300410115 ], [ 34.816939713567372, 31.233045300413284 ], [ 34.817407544449999, 31.232801065319094 ], [ 34.818629330389911, 31.232278968603818 ], [ 34.818629331439503, 31.232278968606973 ], [ 34.819368768603866, 31.23193663745726 ], [ 34.820285945596765, 31.231496642201961 ], [ 34.820285946649982, 31.231496641303195 ], [ 34.820285947703219, 31.231496640404433 ], [ 34.820285948756442, 31.231496639505671 ], [ 34.82028594876008, 31.231496638603769 ], [ 34.820285949809673, 31.231496638606913 ], [ 34.820285949813318, 31.231496637705014 ], [ 34.82028594981697, 31.231496636803119 ], [ 34.820285950870201, 31.23149663590435 ], [ 34.820285950873846, 31.231496635002458 ], [ 34.820285950877512, 31.231496634100548 ], [ 34.820285950881157, 31.231496633198653 ], [ 34.820285950884795, 31.231496632296761 ], [ 34.819116382632814, 31.227472567966338 ], [ 34.81911638158693, 31.22747256706128 ], [ 34.819116381590575, 31.227472566159381 ], [ 34.819116381594235, 31.2274725652575 ], [ 34.819116380544706, 31.227472565254342 ], [ 34.819116380548373, 31.227472564352446 ], [ 34.819116379502503, 31.227472563447414 ], [ 34.819116378456599, 31.227472562542381 ], [ 34.81911637740707, 31.22747256253923 ], [ 34.819116377410722, 31.227472561637345 ], [ 34.819116376361194, 31.22747256163419 ], [ 34.819116375311651, 31.22747256163105 ], [ 34.819116374265782, 31.227472560726003 ], [ 34.819116373216247, 31.227472560722855 ], [ 34.819116372166697, 31.227472560719718 ] ] ] } },
{ "type": "Feature", "properties": { "HelkaMerhav": "תל אביב", "TeurShita": "רשום", "GUSH": 7178, "MisparHelka": 63, "BaalutBefoal": "קק\"ל", "MatzavRishum": "בית משותף לאחר צו בתים משותפים", "ShetachBaalutKKL": 2817, "Shape__Area": 2824.803955, "achuz_baalut_kkl": 100, "key": "7178-63-0", "achuz_baalut_kkl_lastMonth": 96.0, "ShetachBaalutKKL_lastMonth": 2727.0, "Area_calc_lastMonth": 2824.803955018433, "Area_calc": 2824.803955018433, "Areakkl_total_lastMonth": 2942.5041198108679, "Areakkl_total_current": 2824.803955018433, "Area_diff": -117.70016479243486, "mavat_name_current": "יעוד עפ\"י תכנית מאושרת אחרת", "mavat_name_lastMonth": "יעוד עפ\"י תכנית מאושרת אחרת", "mavat_changed": false, "score_diff": -588.50082396217476, "type_status": "changed" }, "geometry": { "type": "Polygon", "coordinates": [ [ [ 34.757227984912369, 32.006866630707485 ], [ 34.757367368829833, 32.007256580734001 ], [ 34.757781488212125, 32.007172846598259 ], [ 34.7577606607936, 32.007102884054305 ], [ 34.757936943061985, 32.007066621081464 ], [ 34.757918019637387, 32.00699684562148 ], [ 34.758031048045154, 32.006973102269832 ], [ 34.757958733748481, 32.006719506138538 ], [ 34.757258918250351, 32.006860427162842 ], [ 34.757227984912369, 32.006866630707485 ] ] ] } },
{ "type": "Feature", "properties": { "HelkaMerhav": "תל אביב", "TeurShita": "רשום", "GUSH": 7461, "MisparHelka": 18, "BaalutBefoal": "קק\"ל", "MatzavRishum": "רישום לאחר הסדר", "ShetachBaalutKKL": 3207, "Shape__Area": 3206.173515, "achuz_baalut_kkl": 100, "key": "7461-18-0", "achuz_baalut_kkl_lastMonth": 100.0, "ShetachBaalutKKL_lastMonth": 3569.0, "Area_calc_lastMonth": 3206.1735150086188, "Area_calc": 3206.1735150086192, "Areakkl_total_lastMonth": 3206.1735150086188, "Areakkl_total_current": 3206.1735150086192, "Area_diff": 0.0, "mavat_name_current": "מבנים ומוסדות ציבור", "mavat_name_lastMonth": "מבנים ומוסדות ציבור", "mavat_changed": false, "score_diff": 0.0, "type_status": "changed" }, "geometry": { "type": "Polygon", "coordinates": [ [ [ 34.771895298976304, 32.064232648320903 ], [ 34.771876179667096, 32.064276364933669 ], [ 34.771761064765798, 32.064544614986602 ], [ 34.771987937850035, 32.064615629577446 ], [ 34.771981085121269, 32.064631603934259 ], [ 34.772215270530133, 32.064706087901534 ], [ 34.772222998922913, 32.064688556423 ], [ 34.772317682912664, 32.064718016056965 ], [ 34.772333154402894, 32.064682069383636 ], [ 34.772436743458073, 32.064441392307685 ], [ 34.772522964685358, 32.064241245481902 ], [ 34.772099336717361, 32.064108392539161 ], [ 34.77196856344883, 32.064063100448955 ], [ 34.771926764312184, 32.064160053457591 ], [ 34.771918277800069, 32.064178907962429 ], [ 34.771895298976304, 32.064232648320903 ] ] ] } },
{ "type": "Feature", "properties": { "HelkaMerhav": "דרום", "TeurShita": "רשום", "GUSH": 100301, "MisparHelka": 205, "BaalutBefoal": "קק\"ל", "MatzavRishum": "רישום לאחר פרצלציה", "ShetachBaalutKKL": 16810, "Shape__Area": null, "achuz_baalut_kkl": 100, "key": "100301-205-0", "achuz_baalut_kkl_lastMonth": null, "ShetachBaalutKKL_lastMonth": null, "Area_calc_lastMonth": null, "Area_calc": 0.0, "Areakkl_total_lastMonth": null, "Areakkl_total_current": 0.0, "Area_diff": 0.0, "mavat_name_current": null, "mavat_name_lastMonth": null, "mavat_changed": true, "score_diff": null, "type_status": "added" }, "geometry": { "type": "Polygon", "coordinates": [ ] } },
{ "type": "Feature", "properties": { "HelkaMerhav": "דרום", "TeurShita": "רשום", "GUSH": 100301, "MisparHelka": 207, "BaalutBefoal": "קק\"ל", "MatzavRishum": "רישום לאחר פרצלציה", "ShetachBaalutKKL": 696051, "Shape__Area": null, "achuz_baalut_kkl": 100, "key": "100301-207-0", "achuz_baalut_kkl_lastMonth": null, "ShetachBaalutKKL_lastMonth": null, "Area_calc_lastMonth": null, "Area_calc": 0.0, "Areakkl_total_lastMonth": null, "Areakkl_total_current": 0.0, "Area_diff": 0.0, "mavat_name_current": null, "mavat_name_lastMonth": null, "mavat_changed": true, "score_diff": null, "type_status": "added" }, "geometry": { "type": "Polygon", "coordinates": [ ] } },
{ "type": "Feature", "properties": { "HelkaMerhav": "דרום", "TeurShita": "רשום", "GUSH": 100301, "MisparHelka": 210, "BaalutBefoal": "קק\"ל", "MatzavRishum": "רישום לאחר פרצלציה", "ShetachBaalutKKL": 2504, "Shape__Area": null, "achuz_baalut_kkl": 100, "key": "100301-210-0", "achuz_baalut_kkl_lastMonth": null, "ShetachBaalutKKL_lastMonth": null, "Area_calc_lastMonth": null, "Area_calc": 0.0, "Areakkl_total_lastMonth": null, "Areakkl_total_current": 0.0, "Area_diff": 0.0, "mavat_name_current": null, "mavat_name_lastMonth": null, "mavat_changed": true, "score_diff": null, "type_status": "added" }, "geometry": { "type": "Polygon", "coordinates": [ ] } },
{ "type": "Feature", "properties": { "HelkaMerhav": "דרום", "TeurShita": "רשום", "GUSH": 100301, "MisparHelka": 211, "BaalutBefoal": "קק\"ל", "MatzavRishum": "רישום לאחר פרצלציה", "ShetachBaalutKKL": 1548, "Shape__Area": null, "achuz_baalut_kkl": 100, "key": "100301-211-0", "achuz_baalut_kkl_lastMonth": null, "ShetachBaalutKKL_lastMonth": null, "Area_calc_lastMonth": null, "Area_calc": 0.0, "Areakkl_total_lastMonth": null, "Areakkl_total_current": 0.0, "Area_diff": 0.0, "mavat_name_current": null, "mavat_name_lastMonth": null, "mavat_changed": true, "score_diff": null, "type_status": "added" }, "geometry": { "type": "Polygon", "coordinates": [ ] } },
{ "type": "Feature", "properties": { "HelkaMerhav": "דרום", "TeurShita": "רשום", "GUSH": 100301, "MisparHelka": 212, "BaalutBefoal": "קק\"ל", "MatzavRishum": "רישום לאחר פרצלציה", "ShetachBaalutKKL": 2503, "Shape__Area": null, "achuz_baalut_kkl": 100, "key": "100301-212-0", "achuz_baalut_kkl_lastMonth": null, "ShetachBaalutKKL_lastMonth": null, "Area_calc_lastMonth": null, "Area_calc": 0.0, "Areakkl_total_lastMonth": null, "Areakkl_total_current": 0.0, "Area_diff": 0.0, "mavat_name_current": null, "mavat_name_lastMonth": null, "mavat_changed": true, "score_diff": null, "type_status": "added" }, "geometry": { "type": "Polygon", "coordinates": [ ] } },
{ "type": "Feature", "properties": { "HelkaMerhav": "דרום", "TeurShita": "רשום", "GUSH": 100301, "MisparHelka": 213, "BaalutBefoal": "קק\"ל", "MatzavRishum": "רישום לאחר פרצלציה", "ShetachBaalutKKL": 1563, "Shape__Area": null, "achuz_baalut_kkl": 100, "key": "100301-213-0", "achuz_baalut_kkl_lastMonth": null, "ShetachBaalutKKL_lastMonth": null, "Area_calc_lastMonth": null, "Area_calc": 0.0, "Areakkl_total_lastMonth": null, "Areakkl_total_current": 0.0, "Area_diff": 0.0, "mavat_name_current": null, "mavat_name_lastMonth": null, "mavat_changed": true, "score_diff": null, "type_status": "added" }, "geometry": { "type": "Polygon", "coordinates": [ ] } },
{ "type": "Feature", "properties": { "HelkaMerhav": "דרום", "TeurShita": "רשום", "GUSH": 100301, "MisparHelka": 214, "BaalutBefoal": "קק\"ל", "MatzavRishum": "רישום לאחר פרצלציה", "ShetachBaalutKKL": 2503, "Shape__Area": null, "achuz_baalut_kkl": 100, "key": "100301-214-0", "achuz_baalut_kkl_lastMonth": null, "ShetachBaalutKKL_lastMonth": null, "Area_calc_lastMonth": null, "Area_calc": 0.0, "Areakkl_total_lastMonth": null, "Areakkl_total_current": 0.0, "Area_diff": 0.0, "mavat_name_current": null, "mavat_name_lastMonth": null, "mavat_changed": true, "score_diff": null, "type_status": "added" }, "geometry": { "type": "Polygon", "coordinates": [ ] } },
{ "type": "Feature", "properties": { "HelkaMerhav": "דרום", "TeurShita": "רשום", "GUSH": 100301, "MisparHelka": 215, "BaalutBefoal": "קק\"ל", "MatzavRishum": "רישום לאחר פרצלציה", "ShetachBaalutKKL": 1551, "Shape__Area": null, "achuz_baalut_kkl": 100, "key": "100301-215-0", "achuz_baalut_kkl_lastMonth": null, "ShetachBaalutKKL_lastMonth": null, "Area_calc_lastMonth": null, "Area_calc": 0.0, "Areakkl_total_lastMonth": null, "Areakkl_total_current": 0.0, "Area_diff": 0.0, "mavat_name_current": null, "mavat_name_lastMonth": null, "mavat_changed": true, "score_diff": null, "type_status": "added" }, "geometry": { "type": "Polygon", "coordinates": [ ] } },
{ "type": "Feature", "properties": { "HelkaMerhav": "דרום", "TeurShita": "רשום", "GUSH": 100301, "MisparHelka": 216, "BaalutBefoal": "קק\"ל", "MatzavRishum": "רישום לאחר פרצלציה", "ShetachBaalutKKL": 2503, "Shape__Area": null, "achuz_baalut_kkl": 100, "key": "100301-216-0", "achuz_baalut_kkl_lastMonth": null, "ShetachBaalutKKL_lastMonth": null, "Area_calc_lastMonth": null, "Area_calc": 0.0, "Areakkl_total_lastMonth": null, "Areakkl_total_current": 0.0, "Area_diff": 0.0, "mavat_name_current": null, "mavat_name_lastMonth": null, "mavat_changed": true, "score_diff": null, "type_status": "added" }, "geometry": { "type": "Polygon", "coordinates": [ ] } },
{ "type": "Feature", "properties": { "HelkaMerhav": "דרום", "TeurShita": "רשום", "GUSH": 100301, "MisparHelka": 217, "BaalutBefoal": "קק\"ל", "MatzavRishum": "רישום לאחר פרצלציה", "ShetachBaalutKKL": 1563, "Shape__Area": null, "achuz_baalut_kkl": 100, "key": "100301-217-0", "achuz_baalut_kkl_lastMonth": null, "ShetachBaalutKKL_lastMonth": null, "Area_calc_lastMonth": null, "Area_calc": 0.0, "Areakkl_total_lastMonth": null, "Areakkl_total_current": 0.0, "Area_diff": 0.0, "mavat_name_current": null, "mavat_name_lastMonth": null, "mavat_changed": true, "score_diff": null, "type_status": "added" }, "geometry": { "type": "Polygon", "coordinates": [ ] } },
{ "type": "Feature", "properties": { "HelkaMerhav": "דרום", "TeurShita": "רשום", "GUSH": 100301, "MisparHelka": 218, "BaalutBefoal": "קק\"ל", "MatzavRishum": "רישום לאחר פרצלציה", "ShetachBaalutKKL": 2503, "Shape__Area": null, "achuz_baalut_kkl": 100, "key": "100301-218-0", "achuz_baalut_kkl_lastMonth": null, "ShetachBaalutKKL_lastMonth": null, "Area_calc_lastMonth": null, "Area_calc": 0.0, "Areakkl_total_lastMonth": null, "Areakkl_total_current": 0.0, "Area_diff": 0.0, "mavat_name_current": null, "mavat_name_lastMonth": null, "mavat_changed": true, "score_diff": null, "type_status": "added" }, "geometry": { "type": "Polygon", "coordinates": [ ] } },
{ "type": "Feature", "properties": { "HelkaMerhav": "דרום", "TeurShita": "רשום", "GUSH": 100301, "MisparHelka": 219, "BaalutBefoal": "קק\"ל", "MatzavRishum": "רישום לאחר פרצלציה", "ShetachBaalutKKL": 1551, "Shape__Area": null, "achuz_baalut_kkl": 100, "key": "100301-219-0", "achuz_baalut_kkl_lastMonth": null, "ShetachBaalutKKL_lastMonth": null, "Area_calc_lastMonth": null, "Area_calc": 0.0, "Areakkl_total_lastMonth": null, "Areakkl_total_current": 0.0, "Area_diff": 0.0, "mavat_name_current": null, "mavat_name_lastMonth": null, "mavat_changed": true, "score_diff": null, "type_status": "added" }, "geometry": { "type": "Polygon", "coordinates": [ ] } },
{ "type": "Feature", "properties": { "HelkaMerhav": "דרום", "TeurShita": "רשום", "GUSH": 100301, "MisparHelka": 220, "BaalutBefoal": "קק\"ל", "MatzavRishum": "רישום לאחר פרצלציה", "ShetachBaalutKKL": 2503, "Shape__Area": null, "achuz_baalut_kkl": 100, "key": "100301-220-0", "achuz_baalut_kkl_lastMonth": null, "ShetachBaalutKKL_lastMonth": null, "Area_calc_lastMonth": null, "Area_calc": 0.0, "Areakkl_total_lastMonth": null, "Areakkl_total_current": 0.0, "Area_diff": 0.0, "mavat_name_current": null, "mavat_name_lastMonth": null, "mavat_changed": true, "score_diff": null, "type_status": "added" }, "geometry": { "type": "Polygon", "coordinates": [ ] } },
{ "type": "Feature", "properties": { "HelkaMerhav": "דרום", "TeurShita": "רשום", "GUSH": 100301, "MisparHelka": 221, "BaalutBefoal": "קק\"ל", "MatzavRishum": "רישום לאחר פרצלציה", "ShetachBaalutKKL": 1563, "Shape__Area": null, "achuz_baalut_kkl": 100, "key": "100301-221-0", "achuz_baalut_kkl_lastMonth": null, "ShetachBaalutKKL_lastMonth": null, "Area_calc_lastMonth": null, "Area_calc": 0.0, "Areakkl_total_lastMonth": null, "Areakkl_total_current": 0.0, "Area_diff": 0.0, "mavat_name_current": null, "mavat_name_lastMonth": null, "mavat_changed": true, "score_diff": null, "type_status": "added" }, "geometry": { "type": "Polygon", "coordinates": [ ] } },
{ "type": "Feature", "properties": { "HelkaMerhav": "דרום", "TeurShita": "רשום", "GUSH": 100301, "MisparHelka": 222, "BaalutBefoal": "קק\"ל", "MatzavRishum": "רישום לאחר פרצלציה", "ShetachBaalutKKL": 2503, "Shape__Area": null, "achuz_baalut_kkl": 100, "key": "100301-222-0", "achuz_baalut_kkl_lastMonth": null, "ShetachBaalutKKL_lastMonth": null, "Area_calc_lastMonth": null, "Area_calc": 0.0, "Areakkl_total_lastMonth": null, "Areakkl_total_current": 0.0, "Area_diff": 0.0, "mavat_name_current": null, "mavat_name_lastMonth": null, "mavat_changed": true, "score_diff": null, "type_status": "added" }, "geometry": { "type": "Polygon", "coordinates": [ ] } },
{ "type": "Feature", "properties": { "HelkaMerhav": "דרום", "TeurShita": "רשום", "GUSH": 100301, "MisparHelka": 223, "BaalutBefoal": "קק\"ל", "MatzavRishum": "רישום לאחר פרצלציה", "ShetachBaalutKKL": 1551, "Shape__Area": null, "achuz_baalut_kkl": 100, "key": "100301-223-0", "achuz_baalut_kkl_lastMonth": null, "ShetachBaalutKKL_lastMonth": null, "Area_calc_lastMonth": null, "Area_calc": 0.0, "Areakkl_total_lastMonth": null, "Areakkl_total_current": 0.0, "Area_diff": 0.0, "mavat_name_current": null, "mavat_name_lastMonth": null, "mavat_changed": true, "score_diff": null, "type_status": "added" }, "geometry": { "type": "Polygon", "coordinates": [ ] } },
{ "type": "Feature", "properties": { "HelkaMerhav": "דרום", "TeurShita": "רשום", "GUSH": 100301, "MisparHelka": 224, "BaalutBefoal": "קק\"ל", "MatzavRishum": "רישום לאחר פרצלציה", "ShetachBaalutKKL": 2503, "Shape__Area": null, "achuz_baalut_kkl": 100, "key": "100301-224-0", "achuz_baalut_kkl_lastMonth": null, "ShetachBaalutKKL_lastMonth": null, "Area_calc_lastMonth": null, "Area_calc": 0.0, "Areakkl_total_lastMonth": null, "Areakkl_total_current": 0.0, "Area_diff": 0.0, "mavat_name_current": null, "mavat_name_lastMonth": null, "mavat_changed": true, "score_diff": null, "type_status": "added" }, "geometry": { "type": "Polygon", "coordinates": [ ] } },
{ "type": "Feature", "properties": { "HelkaMerhav": "דרום", "TeurShita": "רשום", "GUSH": 100301, "MisparHelka": 225, "BaalutBefoal": "קק\"ל", "MatzavRishum": "רישום לאחר פרצלציה", "ShetachBaalutKKL": 1563, "Shape__Area": null, "achuz_baalut_kkl": 100, "key": "100301-225-0", "achuz_baalut_kkl_lastMonth": null, "ShetachBaalutKKL_lastMonth": null, "Area_calc_lastMonth": null, "Area_calc": 0.0, "Areakkl_total_lastMonth": null, "Areakkl_total_current": 0.0, "Area_diff": 0.0, "mavat_name_current": null, "mavat_name_lastMonth": null, "mavat_changed": true, "score_diff": null, "type_status": "added" }, "geometry": { "type": "Polygon", "coordinates": [ ] } },
{ "type": "Feature", "properties": { "HelkaMerhav": "דרום", "TeurShita": "רשום", "GUSH": 100301, "MisparHelka": 226, "BaalutBefoal": "קק\"ל", "MatzavRishum": "רישום לאחר פרצלציה", "ShetachBaalutKKL": 2503, "Shape__Area": null, "achuz_baalut_kkl": 100, "key": "100301-226-0", "achuz_baalut_kkl_lastMonth": null, "ShetachBaalutKKL_lastMonth": null, "Area_calc_lastMonth": null, "Area_calc": 0.0, "Areakkl_total_lastMonth": null, "Areakkl_total_current": 0.0, "Area_diff": 0.0, "mavat_name_current": null, "mavat_name_lastMonth": null, "mavat_changed": true, "score_diff": null, "type_status": "added" }, "geometry": { "type": "Polygon", "coordinates": [ ] } },
{ "type": "Feature", "properties": { "HelkaMerhav": "דרום", "TeurShita": "רשום", "GUSH": 100301, "MisparHelka": 227, "BaalutBefoal": "קק\"ל", "MatzavRishum": "רישום לאחר פרצלציה", "ShetachBaalutKKL": 1551, "Shape__Area": null, "achuz_baalut_kkl": 100, "key": "100301-227-0", "achuz_baalut_kkl_lastMonth": null, "ShetachBaalutKKL_lastMonth": null, "Area_calc_lastMonth": null, "Area_calc": 0.0, "Areakkl_total_lastMonth": null, "Areakkl_total_current": 0.0, "Area_diff": 0.0, "mavat_name_current": null, "mavat_name_lastMonth": null, "mavat_changed": true, "score_diff": null, "type_status": "added" }, "geometry": { "type": "Polygon", "coordinates": [ ] } },
{ "type": "Feature", "properties": { "HelkaMerhav": "דרום", "TeurShita": "רשום", "GUSH": 100301, "MisparHelka": 228, "BaalutBefoal": "קק\"ל", "MatzavRishum": "רישום לאחר פרצלציה", "ShetachBaalutKKL": 2503, "Shape__Area": null, "achuz_baalut_kkl": 100, "key": "100301-228-0", "achuz_baalut_kkl_lastMonth": null, "ShetachBaalutKKL_lastMonth": null, "Area_calc_lastMonth": null, "Area_calc": 0.0, "Areakkl_total_lastMonth": null, "Areakkl_total_current": 0.0, "Area_diff": 0.0, "mavat_name_current": null, "mavat_name_lastMonth": null, "mavat_changed": true, "score_diff": null, "type_status": "added" }, "geometry": { "type": "Polygon", "coordinates": [ ] } },
{ "type": "Feature", "properties": { "HelkaMerhav": "דרום", "TeurShita": "רשום", "GUSH": 100301, "MisparHelka": 229, "BaalutBefoal": "קק\"ל", "MatzavRishum": "רישום לאחר פרצלציה", "ShetachBaalutKKL": 1563, "Shape__Area": null, "achuz_baalut_kkl": 100, "key": "100301-229-0", "achuz_baalut_kkl_lastMonth": null, "ShetachBaalutKKL_lastMonth": null, "Area_calc_lastMonth": null, "Area_calc": 0.0, "Areakkl_total_lastMonth": null, "Areakkl_total_current": 0.0, "Area_diff": 0.0, "mavat_name_current": null, "mavat_name_lastMonth": null, "mavat_changed": true, "score_diff": null, "type_status": "added" }, "geometry": { "type": "Polygon", "coordinates": [ ] } },
{ "type": "Feature", "properties": { "HelkaMerhav": "דרום", "TeurShita": "רשום", "GUSH": 100301, "MisparHelka": 230, "BaalutBefoal": "קק\"ל", "MatzavRishum": "רישום לאחר פרצלציה", "ShetachBaalutKKL": 2503, "Shape__Area": null, "achuz_baalut_kkl": 100, "key": "100301-230-0", "achuz_baalut_kkl_lastMonth": null, "ShetachBaalutKKL_lastMonth": null, "Area_calc_lastMonth": null, "Area_calc": 0.0, "Areakkl_total_lastMonth": null, "Areakkl_total_current": 0.0, "Area_diff": 0.0, "mavat_name_current": null, "mavat_name_lastMonth": null, "mavat_changed": true, "score_diff": null, "type_status": "added" }, "geometry": { "type": "Polygon", "coordinates": [ ] } },
{ "type": "Feature", "properties": { "HelkaMerhav": "דרום", "TeurShita": "רשום", "GUSH": 100301, "MisparHelka": 231, "BaalutBefoal": "קק\"ל", "MatzavRishum": "רישום לאחר פרצלציה", "ShetachBaalutKKL": 1551, "Shape__Area": null, "achuz_baalut_kkl": 100, "key": "100301-231-0", "achuz_baalut_kkl_lastMonth": null, "ShetachBaalutKKL_lastMonth": null, "Area_calc_lastMonth": null, "Area_calc": 0.0, "Areakkl_total_lastMonth": null, "Areakkl_total_current": 0.0, "Area_diff": 0.0, "mavat_name_current": null, "mavat_name_lastMonth": null, "mavat_changed": true, "score_diff": null, "type_status": "added" }, "geometry": { "type": "Polygon", "coordinates": [ ] } },
{ "type": "Feature", "properties": { "HelkaMerhav": "דרום", "TeurShita": "רשום", "GUSH": 100301, "MisparHelka": 232, "BaalutBefoal": "קק\"ל", "MatzavRishum": "רישום לאחר פרצלציה", "ShetachBaalutKKL": 2503, "Shape__Area": null, "achuz_baalut_kkl": 100, "key": "100301-232-0", "achuz_baalut_kkl_lastMonth": null, "ShetachBaalutKKL_lastMonth": null, "Area_calc_lastMonth": null, "Area_calc": 0.0, "Areakkl_total_lastMonth": null, "Areakkl_total_current": 0.0, "Area_diff": 0.0, "mavat_name_current": null, "mavat_name_lastMonth": null, "mavat_changed": true, "score_diff": null, "type_status": "added" }, "geometry": { "type": "Polygon", "coordinates": [ ] } },
{ "type": "Feature", "properties": { "HelkaMerhav": "דרום", "TeurShita": "רשום", "GUSH": 100301, "MisparHelka": 233, "BaalutBefoal": "קק\"ל", "MatzavRishum": "רישום לאחר פרצלציה", "ShetachBaalutKKL": 1564, "Shape__Area": null, "achuz_baalut_kkl": 100, "key": "100301-233-0", "achuz_baalut_kkl_lastMonth": null, "ShetachBaalutKKL_lastMonth": null, "Area_calc_lastMonth": null, "Area_calc": 0.0, "Areakkl_total_lastMonth": null, "Areakkl_total_current": 0.0, "Area_diff": 0.0, "mavat_name_current": null, "mavat_name_lastMonth": null, "mavat_changed": true, "score_diff": null, "type_status": "added" }, "geometry": { "type": "Polygon", "coordinates": [ ] } },
{ "type": "Feature", "properties": { "HelkaMerhav": "דרום", "TeurShita": "רשום", "GUSH": 100301, "MisparHelka": 234, "BaalutBefoal": "קק\"ל", "MatzavRishum": "רישום לאחר פרצלציה", "ShetachBaalutKKL": 2503, "Shape__Area": null, "achuz_baalut_kkl": 100, "key": "100301-234-0", "achuz_baalut_kkl_lastMonth": null, "ShetachBaalutKKL_lastMonth": null, "Area_calc_lastMonth": null, "Area_calc": 0.0, "Areakkl_total_lastMonth": null, "Areakkl_total_current": 0.0, "Area_diff": 0.0, "mavat_name_current": null, "mavat_name_lastMonth": null, "mavat_changed": true, "score_diff": null, "type_status": "added" }, "geometry": { "type": "Polygon", "coordinates": [ ] } },
{ "type": "Feature", "properties": { "HelkaMerhav": "דרום", "TeurShita": "רשום", "GUSH": 100301, "MisparHelka": 235, "BaalutBefoal": "קק\"ל", "MatzavRishum": "רישום לאחר פרצלציה", "ShetachBaalutKKL": 1551, "Shape__Area": null, "achuz_baalut_kkl": 100, "key": "100301-235-0", "achuz_baalut_kkl_lastMonth": null, "ShetachBaalutKKL_lastMonth": null, "Area_calc_lastMonth": null, "Area_calc": 0.0, "Areakkl_total_lastMonth": null, "Areakkl_total_current": 0.0, "Area_diff": 0.0, "mavat_name_current": null, "mavat_name_lastMonth": null, "mavat_changed": true, "score_diff": null, "type_status": "added" }, "geometry": { "type": "Polygon", "coordinates": [ ] } },
{ "type": "Feature", "properties": { "HelkaMerhav": "דרום", "TeurShita": "רשום", "GUSH": 100301, "MisparHelka": 236, "BaalutBefoal": "קק\"ל", "MatzavRishum": "רישום לאחר פרצלציה", "ShetachBaalutKKL": 2503, "Shape__Area": null, "achuz_baalut_kkl": 100, "key": "100301-236-0", "achuz_baalut_kkl_lastMonth": null, "ShetachBaalutKKL_lastMonth": null, "Area_calc_lastMonth": null, "Area_calc": 0.0, "Areakkl_total_lastMonth": null, "Areakkl_total_current": 0.0, "Area_diff": 0.0, "mavat_name_current": null, "mavat_name_lastMonth": null, "mavat_changed": true, "score_diff": null, "type_status": "added" }, "geometry": { "type": "Polygon", "coordinates": [ ] } },
{ "type": "Feature", "properties": { "HelkaMerhav": "דרום", "TeurShita": "רשום", "GUSH": 100301, "MisparHelka": 237, "BaalutBefoal": "קק\"ל", "MatzavRishum": "רישום לאחר פרצלציה", "ShetachBaalutKKL": 1563, "Shape__Area": null, "achuz_baalut_kkl": 100, "key": "100301-237-0", "achuz_baalut_kkl_lastMonth": null, "ShetachBaalutKKL_lastMonth": null, "Area_calc_lastMonth": null, "Area_calc": 0.0, "Areakkl_total_lastMonth": null, "Areakkl_total_current": 0.0, "Area_diff": 0.0, "mavat_name_current": null, "mavat_name_lastMonth": null, "mavat_changed": true, "score_diff": null, "type_status": "added" }, "geometry": { "type": "Polygon", "coordinates": [ ] } },
{ "type": "Feature", "properties": { "HelkaMerhav": "דרום", "TeurShita": "רשום", "GUSH": 100301, "MisparHelka": 238, "BaalutBefoal": "קק\"ל", "MatzavRishum": "רישום לאחר פרצלציה", "ShetachBaalutKKL": 2503, "Shape__Area": null, "achuz_baalut_kkl": 100, "key": "100301-238-0", "achuz_baalut_kkl_lastMonth": null, "ShetachBaalutKKL_lastMonth": null, "Area_calc_lastMonth": null, "Area_calc": 0.0, "Areakkl_total_lastMonth": null, "Areakkl_total_current": 0.0, "Area_diff": 0.0, "mavat_name_current": null, "mavat_name_lastMonth": null, "mavat_changed": true, "score_diff": null, "type_status": "added" }, "geometry": { "type": "Polygon", "coordinates": [ ] } },
{ "type": "Feature", "properties": { "HelkaMerhav": "דרום", "TeurShita": "רשום", "GUSH": 100301, "MisparHelka": 239, "BaalutBefoal": "קק\"ל", "MatzavRishum": "רישום לאחר פרצלציה", "ShetachBaalutKKL": 1551, "Shape__Area": null, "achuz_baalut_kkl": 100, "key": "100301-239-0", "achuz_baalut_kkl_lastMonth": null, "ShetachBaalutKKL_lastMonth": null, "Area_calc_lastMonth": null, "Area_calc": 0.0, "Areakkl_total_lastMonth": null, "Areakkl_total_current": 0.0, "Area_diff": 0.0, "mavat_name_current": null, "mavat_name_lastMonth": null, "mavat_changed": true, "score_diff": null, "type_status": "added" }, "geometry": { "type": "Polygon", "coordinates": [ ] } },
{ "type": "Feature", "properties": { "HelkaMerhav": "דרום", "TeurShita": "רשום", "GUSH": 100301, "MisparHelka": 240, "BaalutBefoal": "קק\"ל", "MatzavRishum": "רישום לאחר פרצלציה", "ShetachBaalutKKL": 2503, "Shape__Area": null, "achuz_baalut_kkl": 100, "key": "100301-240-0", "achuz_baalut_kkl_lastMonth": null, "ShetachBaalutKKL_lastMonth": null, "Area_calc_lastMonth": null, "Area_calc": 0.0, "Areakkl_total_lastMonth": null, "Areakkl_total_current": 0.0, "Area_diff": 0.0, "mavat_name_current": null, "mavat_name_lastMonth": null, "mavat_changed": true, "score_diff": null, "type_status": "added" }, "geometry": { "type": "Polygon", "coordinates": [ ] } },
{ "type": "Feature", "properties": { "HelkaMerhav": "דרום", "TeurShita": "רשום", "GUSH": 100301, "MisparHelka": 241, "BaalutBefoal": "קק\"ל", "MatzavRishum": "רישום לאחר פרצלציה", "ShetachBaalutKKL": 1563, "Shape__Area": null, "achuz_baalut_kkl": 100, "key": "100301-241-0", "achuz_baalut_kkl_lastMonth": null, "ShetachBaalutKKL_lastMonth": null, "Area_calc_lastMonth": null, "Area_calc": 0.0, "Areakkl_total_lastMonth": null, "Areakkl_total_current": 0.0, "Area_diff": 0.0, "mavat_name_current": null, "mavat_name_lastMonth": null, "mavat_changed": true, "score_diff": null, "type_status": "added" }, "geometry": { "type": "Polygon", "coordinates": [ ] } },
{ "type": "Feature", "properties": { "HelkaMerhav": "דרום", "TeurShita": "רשום", "GUSH": 100301, "MisparHelka": 242, "BaalutBefoal": "קק\"ל", "MatzavRishum": "רישום לאחר פרצלציה", "ShetachBaalutKKL": 2503, "Shape__Area": null, "achuz_baalut_kkl": 100, "key": "100301-242-0", "achuz_baalut_kkl_lastMonth": null, "ShetachBaalutKKL_lastMonth": null, "Area_calc_lastMonth": null, "Area_calc": 0.0, "Areakkl_total_lastMonth": null, "Areakkl_total_current": 0.0, "Area_diff": 0.0, "mavat_name_current": null, "mavat_name_lastMonth": null, "mavat_changed": true, "score_diff": null, "type_status": "added" }, "geometry": { "type": "Polygon", "coordinates": [ ] } },
{ "type": "Feature", "properties": { "HelkaMerhav": "דרום", "TeurShita": "רשום", "GUSH": 100301, "MisparHelka": 243, "BaalutBefoal": "קק\"ל", "MatzavRishum": "רישום לאחר פרצלציה", "ShetachBaalutKKL": 1551, "Shape__Area": null, "achuz_baalut_kkl": 100, "key": "100301-243-0", "achuz_baalut_kkl_lastMonth": null, "ShetachBaalutKKL_lastMonth": null, "Area_calc_lastMonth": null, "Area_calc": 0.0, "Areakkl_total_lastMonth": null, "Areakkl_total_current": 0.0, "Area_diff": 0.0, "mavat_name_current": null, "mavat_name_lastMonth": null, "mavat_changed": true, "score_diff": null, "type_status": "added" }, "geometry": { "type": "Polygon", "coordinates": [ ] } },
{ "type": "Feature", "properties": { "HelkaMerhav": "דרום", "TeurShita": "רשום", "GUSH": 100301, "MisparHelka": 244, "BaalutBefoal": "קק\"ל", "MatzavRishum": "רישום לאחר פרצלציה", "ShetachBaalutKKL": 2503, "Shape__Area": null, "achuz_baalut_kkl": 100, "key": "100301-244-0", "achuz_baalut_kkl_lastMonth": null, "ShetachBaalutKKL_lastMonth": null, "Area_calc_lastMonth": null, "Area_calc": 0.0, "Areakkl_total_lastMonth": null, "Areakkl_total_current": 0.0, "Area_diff": 0.0, "mavat_name_current": null, "mavat_name_lastMonth": null, "mavat_changed": true, "score_diff": null, "type_status": "added" }, "geometry": { "type": "Polygon", "coordinates": [ ] } },
{ "type": "Feature", "properties": { "HelkaMerhav": "דרום", "TeurShita": "רשום", "GUSH": 100301, "MisparHelka": 245, "BaalutBefoal": "קק\"ל", "MatzavRishum": "רישום לאחר פרצלציה", "ShetachBaalutKKL": 1563, "Shape__Area": null, "achuz_baalut_kkl": 100, "key": "100301-245-0", "achuz_baalut_kkl_lastMonth": null, "ShetachBaalutKKL_lastMonth": null, "Area_calc_lastMonth": null, "Area_calc": 0.0, "Areakkl_total_lastMonth": null, "Areakkl_total_current": 0.0, "Area_diff": 0.0, "mavat_name_current": null, "mavat_name_lastMonth": null, "mavat_changed": true, "score_diff": null, "type_status": "added" }, "geometry": { "type": "Polygon", "coordinates": [ ] } },
{ "type": "Feature", "properties": { "HelkaMerhav": "דרום", "TeurShita": "רשום", "GUSH": 100301, "MisparHelka": 246, "BaalutBefoal": "קק\"ל", "MatzavRishum": "רישום לאחר פרצלציה", "ShetachBaalutKKL": 2504, "Shape__Area": null, "achuz_baalut_kkl": 100, "key": "100301-246-0", "achuz_baalut_kkl_lastMonth": null, "ShetachBaalutKKL_lastMonth": null, "Area_calc_lastMonth": null, "Area_calc": 0.0, "Areakkl_total_lastMonth": null, "Areakkl_total_current": 0.0, "Area_diff": 0.0, "mavat_name_current": null, "mavat_name_lastMonth": null, "mavat_changed": true, "score_diff": null, "type_status": "added" }, "geometry": { "type": "Polygon", "coordinates": [ ] } },
{ "type": "Feature", "properties": { "HelkaMerhav": "דרום", "TeurShita": "רשום", "GUSH": 100301, "MisparHelka": 247, "BaalutBefoal": "קק\"ל", "MatzavRishum": "רישום לאחר פרצלציה", "ShetachBaalutKKL": 1548, "Shape__Area": null, "achuz_baalut_kkl": 100, "key": "100301-247-0", "achuz_baalut_kkl_lastMonth": null, "ShetachBaalutKKL_lastMonth": null, "Area_calc_lastMonth": null, "Area_calc": 0.0, "Areakkl_total_lastMonth": null, "Areakkl_total_current": 0.0, "Area_diff": 0.0, "mavat_name_current": null, "mavat_name_lastMonth": null, "mavat_changed": true, "score_diff": null, "type_status": "added" }, "geometry": { "type": "Polygon", "coordinates": [ ] } },
{ "type": "Feature", "properties": { "HelkaMerhav": "דרום", "TeurShita": "רשום", "GUSH": 100301, "MisparHelka": 248, "BaalutBefoal": "קק\"ל", "MatzavRishum": "רישום לאחר פרצלציה", "ShetachBaalutKKL": 2503, "Shape__Area": null, "achuz_baalut_kkl": 100, "key": "100301-248-0", "achuz_baalut_kkl_lastMonth": null, "ShetachBaalutKKL_lastMonth": null, "Area_calc_lastMonth": null, "Area_calc": 0.0, "Areakkl_total_lastMonth": null, "Areakkl_total_current": 0.0, "Area_diff": 0.0, "mavat_name_current": null, "mavat_name_lastMonth": null, "mavat_changed": true, "score_diff": null, "type_status": "added" }, "geometry": { "type": "Polygon", "coordinates": [ ] } },
{ "type": "Feature", "properties": { "HelkaMerhav": "דרום", "TeurShita": "רשום", "GUSH": 100301, "MisparHelka": 249, "BaalutBefoal": "קק\"ל", "MatzavRishum": "רישום לאחר פרצלציה", "ShetachBaalutKKL": 1563, "Shape__Area": null, "achuz_baalut_kkl": 100, "key": "100301-249-0", "achuz_baalut_kkl_lastMonth": null, "ShetachBaalutKKL_lastMonth": null, "Area_calc_lastMonth": null, "Area_calc": 0.0, "Areakkl_total_lastMonth": null, "Areakkl_total_current": 0.0, "Area_diff": 0.0, "mavat_name_current": null, "mavat_name_lastMonth": null, "mavat_changed": true, "score_diff": null, "type_status": "added" }, "geometry": { "type": "Polygon", "coordinates": [ ] } },
{ "type": "Feature", "properties": { "HelkaMerhav": "דרום", "TeurShita": "רשום", "GUSH": 100301, "MisparHelka": 250, "BaalutBefoal": "קק\"ל", "MatzavRishum": "רישום לאחר פרצלציה", "ShetachBaalutKKL": 2502, "Shape__Area": null, "achuz_baalut_kkl": 100, "key": "100301-250-0", "achuz_baalut_kkl_lastMonth": null, "ShetachBaalutKKL_lastMonth": null, "Area_calc_lastMonth": null, "Area_calc": 0.0, "Areakkl_total_lastMonth": null, "Areakkl_total_current": 0.0, "Area_diff": 0.0, "mavat_name_current": null, "mavat_name_lastMonth": null, "mavat_changed": true, "score_diff": null, "type_status": "added" }, "geometry": { "type": "Polygon", "coordinates": [ ] } },
{ "type": "Feature", "properties": { "HelkaMerhav": "דרום", "TeurShita": "רשום", "GUSH": 100301, "MisparHelka": 251, "BaalutBefoal": "קק\"ל", "MatzavRishum": "רישום לאחר פרצלציה", "ShetachBaalutKKL": 1561, "Shape__Area": null, "achuz_baalut_kkl": 100, "key": "100301-251-0", "achuz_baalut_kkl_lastMonth": null, "ShetachBaalutKKL_lastMonth": null, "Area_calc_lastMonth": null, "Area_calc": 0.0, "Areakkl_total_lastMonth": null, "Areakkl_total_current": 0.0, "Area_diff": 0.0, "mavat_name_current": null, "mavat_name_lastMonth": null, "mavat_changed": true, "score_diff": null, "type_status": "added" }, "geometry": { "type": "Polygon", "coordinates": [ ] } },
{ "type": "Feature", "properties": { "HelkaMerhav": "דרום", "TeurShita": "רשום", "GUSH": 100301, "MisparHelka": 252, "BaalutBefoal": "קק\"ל", "MatzavRishum": "רישום לאחר פרצלציה", "ShetachBaalutKKL": 2502, "Shape__Area": null, "achuz_baalut_kkl": 100, "key": "100301-252-0", "achuz_baalut_kkl_lastMonth": null, "ShetachBaalutKKL_lastMonth": null, "Area_calc_lastMonth": null, "Area_calc": 0.0, "Areakkl_total_lastMonth": null, "Areakkl_total_current": 0.0, "Area_diff": 0.0, "mavat_name_current": null, "mavat_name_lastMonth": null, "mavat_changed": true, "score_diff": null, "type_status": "added" }, "geometry": { "type": "Polygon", "coordinates": [ ] } },
{ "type": "Feature", "properties": { "HelkaMerhav": "דרום", "TeurShita": "רשום", "GUSH": 100301, "MisparHelka": 253, "BaalutBefoal": "קק\"ל", "MatzavRishum": "רישום לאחר פרצלציה", "ShetachBaalutKKL": 1548, "Shape__Area": null, "achuz_baalut_kkl": 100, "key": "100301-253-0", "achuz_baalut_kkl_lastMonth": null, "ShetachBaalutKKL_lastMonth": null, "Area_calc_lastMonth": null, "Area_calc": 0.0, "Areakkl_total_lastMonth": null, "Areakkl_total_current": 0.0, "Area_diff": 0.0, "mavat_name_current": null, "mavat_name_lastMonth": null, "mavat_changed": true, "score_diff": null, "type_status": "added" }, "geometry": { "type": "Polygon", "coordinates": [ ] } },
{ "type": "Feature", "properties": { "HelkaMerhav": "דרום", "TeurShita": "רשום", "GUSH": 100301, "MisparHelka": 254, "BaalutBefoal": "קק\"ל", "MatzavRishum": "רישום לאחר פרצלציה", "ShetachBaalutKKL": 2503, "Shape__Area": null, "achuz_baalut_kkl": 100, "key": "100301-254-0", "achuz_baalut_kkl_lastMonth": null, "ShetachBaalutKKL_lastMonth": null, "Area_calc_lastMonth": null, "Area_calc": 0.0, "Areakkl_total_lastMonth": null, "Areakkl_total_current": 0.0, "Area_diff": 0.0, "mavat_name_current": null, "mavat_name_lastMonth": null, "mavat_changed": true, "score_diff": null, "type_status": "added" }, "geometry": { "type": "Polygon", "coordinates": [ ] } },
{ "type": "Feature", "properties": { "HelkaMerhav": "דרום", "TeurShita": "רשום", "GUSH": 100301, "MisparHelka": 255, "BaalutBefoal": "קק\"ל", "MatzavRishum": "רישום לאחר פרצלציה", "ShetachBaalutKKL": 1563, "Shape__Area": null, "achuz_baalut_kkl": 100, "key": "100301-255-0", "achuz_baalut_kkl_lastMonth": null, "ShetachBaalutKKL_lastMonth": null, "Area_calc_lastMonth": null, "Area_calc": 0.0, "Areakkl_total_lastMonth": null, "Areakkl_total_current": 0.0, "Area_diff": 0.0, "mavat_name_current": null, "mavat_name_lastMonth": null, "mavat_changed": true, "score_diff": null, "type_status": "added" }, "geometry": { "type": "Polygon", "coordinates": [ ] } },
{ "type": "Feature", "properties": { "HelkaMerhav": "דרום", "TeurShita": "רשום", "GUSH": 100301, "MisparHelka": 256, "BaalutBefoal": "קק\"ל", "MatzavRishum": "רישום לאחר פרצלציה", "ShetachBaalutKKL": 2503, "Shape__Area": null, "achuz_baalut_kkl": 100, "key": "100301-256-0", "achuz_baalut_kkl_lastMonth": null, "ShetachBaalutKKL_lastMonth": null, "Area_calc_lastMonth": null, "Area_calc": 0.0, "Areakkl_total_lastMonth": null, "Areakkl_total_current": 0.0, "Area_diff": 0.0, "mavat_name_current": null, "mavat_name_lastMonth": null, "mavat_changed": true, "score_diff": null, "type_status": "added" }, "geometry": { "type": "Polygon", "coordinates": [ ] } },
{ "type": "Feature", "properties": { "HelkaMerhav": "דרום", "TeurShita": "רשום", "GUSH": 100301, "MisparHelka": 257, "BaalutBefoal": "קק\"ל", "MatzavRishum": "רישום לאחר פרצלציה", "ShetachBaalutKKL": 1548, "Shape__Area": null, "achuz_baalut_kkl": 100, "key": "100301-257-0", "achuz_baalut_kkl_lastMonth": null, "ShetachBaalutKKL_lastMonth": null, "Area_calc_lastMonth": null, "Area_calc": 0.0, "Areakkl_total_lastMonth": null, "Areakkl_total_current": 0.0, "Area_diff": 0.0, "mavat_name_current": null, "mavat_name_lastMonth": null, "mavat_changed": true, "score_diff": null, "type_status": "added" }, "geometry": { "type": "Polygon", "coordinates": [ ] } },
{ "type": "Feature", "properties": { "HelkaMerhav": "דרום", "TeurShita": "רשום", "GUSH": 100301, "MisparHelka": 258, "BaalutBefoal": "קק\"ל", "MatzavRishum": "רישום לאחר פרצלציה", "ShetachBaalutKKL": 2503, "Shape__Area": null, "achuz_baalut_kkl": 100, "key": "100301-258-0", "achuz_baalut_kkl_lastMonth": null, "ShetachBaalutKKL_lastMonth": null, "Area_calc_lastMonth": null, "Area_calc": 0.0, "Areakkl_total_lastMonth": null, "Areakkl_total_current": 0.0, "Area_diff": 0.0, "mavat_name_current": null, "mavat_name_lastMonth": null, "mavat_changed": true, "score_diff": null, "type_status": "added" }, "geometry": { "type": "Polygon", "coordinates": [ ] } },
{ "type": "Feature", "properties": { "HelkaMerhav": "דרום", "TeurShita": "רשום", "GUSH": 100301, "MisparHelka": 259, "BaalutBefoal": "קק\"ל", "MatzavRishum": "רישום לאחר פרצלציה", "ShetachBaalutKKL": 1563, "Shape__Area": null, "achuz_baalut_kkl": 100, "key": "100301-259-0", "achuz_baalut_kkl_lastMonth": null, "ShetachBaalutKKL_lastMonth": null, "Area_calc_lastMonth": null, "Area_calc": 0.0, "Areakkl_total_lastMonth": null, "Areakkl_total_current": 0.0, "Area_diff": 0.0, "mavat_name_current": null, "mavat_name_lastMonth": null, "mavat_changed": true, "score_diff": null, "type_status": "added" }, "geometry": { "type": "Polygon", "coordinates": [ ] } },
{ "type": "Feature", "properties": { "HelkaMerhav": "דרום", "TeurShita": "רשום", "GUSH": 100301, "MisparHelka": 260, "BaalutBefoal": "קק\"ל", "MatzavRishum": "רישום לאחר פרצלציה", "ShetachBaalutKKL": 2503, "Shape__Area": null, "achuz_baalut_kkl": 100, "key": "100301-260-0", "achuz_baalut_kkl_lastMonth": null, "ShetachBaalutKKL_lastMonth": null, "Area_calc_lastMonth": null, "Area_calc": 0.0, "Areakkl_total_lastMonth": null, "Areakkl_total_current": 0.0, "Area_diff": 0.0, "mavat_name_current": null, "mavat_name_lastMonth": null, "mavat_changed": true, "score_diff": null, "type_status": "added" }, "geometry": { "type": "Polygon", "coordinates": [ ] } },
{ "type": "Feature", "properties": { "HelkaMerhav": "דרום", "TeurShita": "רשום", "GUSH": 100301, "MisparHelka": 261, "BaalutBefoal": "קק\"ל", "MatzavRishum": "רישום לאחר פרצלציה", "ShetachBaalutKKL": 1548, "Shape__Area": null, "achuz_baalut_kkl": 100, "key": "100301-261-0", "achuz_baalut_kkl_lastMonth": null, "ShetachBaalutKKL_lastMonth": null, "Area_calc_lastMonth": null, "Area_calc": 0.0, "Areakkl_total_lastMonth": null, "Areakkl_total_current": 0.0, "Area_diff": 0.0, "mavat_name_current": null, "mavat_name_lastMonth": null, "mavat_changed": true, "score_diff": null, "type_status": "added" }, "geometry": { "type": "Polygon", "coordinates": [ ] } },
{ "type": "Feature", "properties": { "HelkaMerhav": "דרום", "TeurShita": "רשום", "GUSH": 100301, "MisparHelka": 262, "BaalutBefoal": "קק\"ל", "MatzavRishum": "רישום לאחר פרצלציה", "ShetachBaalutKKL": 2503, "Shape__Area": null, "achuz_baalut_kkl": 100, "key": "100301-262-0", "achuz_baalut_kkl_lastMonth": null, "ShetachBaalutKKL_lastMonth": null, "Area_calc_lastMonth": null, "Area_calc": 0.0, "Areakkl_total_lastMonth": null, "Areakkl_total_current": 0.0, "Area_diff": 0.0, "mavat_name_current": null, "mavat_name_lastMonth": null, "mavat_changed": true, "score_diff": null, "type_status": "added" }, "geometry": { "type": "Polygon", "coordinates": [ ] } },
{ "type": "Feature", "properties": { "HelkaMerhav": "דרום", "TeurShita": "רשום", "GUSH": 100301, "MisparHelka": 263, "BaalutBefoal": "קק\"ל", "MatzavRishum": "רישום לאחר פרצלציה", "ShetachBaalutKKL": 1563, "Shape__Area": null, "achuz_baalut_kkl": 100, "key": "100301-263-0", "achuz_baalut_kkl_lastMonth": null, "ShetachBaalutKKL_lastMonth": null, "Area_calc_lastMonth": null, "Area_calc": 0.0, "Areakkl_total_lastMonth": null, "Areakkl_total_current": 0.0, "Area_diff": 0.0, "mavat_name_current": null, "mavat_name_lastMonth": null, "mavat_changed": true, "score_diff": null, "type_status": "added" }, "geometry": { "type": "Polygon", "coordinates": [ ] } },
{ "type": "Feature", "properties": { "HelkaMerhav": "דרום", "TeurShita": "רשום", "GUSH": 100301, "MisparHelka": 264, "BaalutBefoal": "קק\"ל", "MatzavRishum": "רישום לאחר פרצלציה", "ShetachBaalutKKL": 2502, "Shape__Area": null, "achuz_baalut_kkl": 100, "key": "100301-264-0", "achuz_baalut_kkl_lastMonth": null, "ShetachBaalutKKL_lastMonth": null, "Area_calc_lastMonth": null, "Area_calc": 0.0, "Areakkl_total_lastMonth": null, "Areakkl_total_current": 0.0, "Area_diff": 0.0, "mavat_name_current": null, "mavat_name_lastMonth": null, "mavat_changed": true, "score_diff": null, "type_status": "added" }, "geometry": { "type": "Polygon", "coordinates": [ ] } },
{ "type": "Feature", "properties": { "HelkaMerhav": "דרום", "TeurShita": "רשום", "GUSH": 100301, "MisparHelka": 265, "BaalutBefoal": "קק\"ל", "MatzavRishum": "רישום לאחר פרצלציה", "ShetachBaalutKKL": 1548, "Shape__Area": null, "achuz_baalut_kkl": 100, "key": "100301-265-0", "achuz_baalut_kkl_lastMonth": null, "ShetachBaalutKKL_lastMonth": null, "Area_calc_lastMonth": null, "Area_calc": 0.0, "Areakkl_total_lastMonth": null, "Areakkl_total_current": 0.0, "Area_diff": 0.0, "mavat_name_current": null, "mavat_name_lastMonth": null, "mavat_changed": true, "score_diff": null, "type_status": "added" }, "geometry": { "type": "Polygon", "coordinates": [ ] } },
{ "type": "Feature", "properties": { "HelkaMerhav": "דרום", "TeurShita": "רשום", "GUSH": 100301, "MisparHelka": 266, "BaalutBefoal": "קק\"ל", "MatzavRishum": "רישום לאחר פרצלציה", "ShetachBaalutKKL": 2503, "Shape__Area": null, "achuz_baalut_kkl": 100, "key": "100301-266-0", "achuz_baalut_kkl_lastMonth": null, "ShetachBaalutKKL_lastMonth": null, "Area_calc_lastMonth": null, "Area_calc": 0.0, "Areakkl_total_lastMonth": null, "Areakkl_total_current": 0.0, "Area_diff": 0.0, "mavat_name_current": null, "mavat_name_lastMonth": null, "mavat_changed": true, "score_diff": null, "type_status": "added" }, "geometry": { "type": "Polygon", "coordinates": [ ] } },
{ "type": "Feature", "properties": { "HelkaMerhav": "דרום", "TeurShita": "רשום", "GUSH": 100301, "MisparHelka": 267, "BaalutBefoal": "קק\"ל", "MatzavRishum": "רישום לאחר פרצלציה", "ShetachBaalutKKL": 1563, "Shape__Area": null, "achuz_baalut_kkl": 100, "key": "100301-267-0", "achuz_baalut_kkl_lastMonth": null, "ShetachBaalutKKL_lastMonth": null, "Area_calc_lastMonth": null, "Area_calc": 0.0, "Areakkl_total_lastMonth": null, "Areakkl_total_current": 0.0, "Area_diff": 0.0, "mavat_name_current": null, "mavat_name_lastMonth": null, "mavat_changed": true, "score_diff": null, "type_status": "added" }, "geometry": { "type": "Polygon", "coordinates": [ ] } },
{ "type": "Feature", "properties": { "HelkaMerhav": "דרום", "TeurShita": "רשום", "GUSH": 100301, "MisparHelka": 268, "BaalutBefoal": "קק\"ל", "MatzavRishum": "רישום לאחר פרצלציה", "ShetachBaalutKKL": 2502, "Shape__Area": null, "achuz_baalut_kkl": 100, "key": "100301-268-0", "achuz_baalut_kkl_lastMonth": null, "ShetachBaalutKKL_lastMonth": null, "Area_calc_lastMonth": null, "Area_calc": 0.0, "Areakkl_total_lastMonth": null, "Areakkl_total_current": 0.0, "Area_diff": 0.0, "mavat_name_current": null, "mavat_name_lastMonth": null, "mavat_changed": true, "score_diff": null, "type_status": "added" }, "geometry": { "type": "Polygon", "coordinates": [ ] } },
{ "type": "Feature", "properties": { "HelkaMerhav": "דרום", "TeurShita": "רשום", "GUSH": 100301, "MisparHelka": 269, "BaalutBefoal": "קק\"ל", "MatzavRishum": "רישום לאחר פרצלציה", "ShetachBaalutKKL": 1548, "Shape__Area": null, "achuz_baalut_kkl": 100, "key": "100301-269-0", "achuz_baalut_kkl_lastMonth": null, "ShetachBaalutKKL_lastMonth": null, "Area_calc_lastMonth": null, "Area_calc": 0.0, "Areakkl_total_lastMonth": null, "Areakkl_total_current": 0.0, "Area_diff": 0.0, "mavat_name_current": null, "mavat_name_lastMonth": null, "mavat_changed": true, "score_diff": null, "type_status": "added" }, "geometry": { "type": "Polygon", "coordinates": [ ] } },
{ "type": "Feature", "properties": { "HelkaMerhav": "דרום", "TeurShita": "רשום", "GUSH": 100301, "MisparHelka": 270, "BaalutBefoal": "קק\"ל", "MatzavRishum": "רישום לאחר פרצלציה", "ShetachBaalutKKL": 2503, "Shape__Area": null, "achuz_baalut_kkl": 100, "key": "100301-270-0", "achuz_baalut_kkl_lastMonth": null, "ShetachBaalutKKL_lastMonth": null, "Area_calc_lastMonth": null, "Area_calc": 0.0, "Areakkl_total_lastMonth": null, "Areakkl_total_current": 0.0, "Area_diff": 0.0, "mavat_name_current": null, "mavat_name_lastMonth": null, "mavat_changed": true, "score_diff": null, "type_status": "added" }, "geometry": { "type": "Polygon", "coordinates": [ ] } },
{ "type": "Feature", "properties": { "HelkaMerhav": "דרום", "TeurShita": "רשום", "GUSH": 100301, "MisparHelka": 271, "BaalutBefoal": "קק\"ל", "MatzavRishum": "רישום לאחר פרצלציה", "ShetachBaalutKKL": 1564, "Shape__Area": null, "achuz_baalut_kkl": 100, "key": "100301-271-0", "achuz_baalut_kkl_lastMonth": null, "ShetachBaalutKKL_lastMonth": null, "Area_calc_lastMonth": null, "Area_calc": 0.0, "Areakkl_total_lastMonth": null, "Areakkl_total_current": 0.0, "Area_diff": 0.0, "mavat_name_current": null, "mavat_name_lastMonth": null, "mavat_changed": true, "score_diff": null, "type_status": "added" }, "geometry": { "type": "Polygon", "coordinates": [ ] } },
{ "type": "Feature", "properties": { "HelkaMerhav": "דרום", "TeurShita": "רשום", "GUSH": 100301, "MisparHelka": 272, "BaalutBefoal": "קק\"ל", "MatzavRishum": "רישום לאחר פרצלציה", "ShetachBaalutKKL": 2502, "Shape__Area": null, "achuz_baalut_kkl": 100, "key": "100301-272-0", "achuz_baalut_kkl_lastMonth": null, "ShetachBaalutKKL_lastMonth": null, "Area_calc_lastMonth": null, "Area_calc": 0.0, "Areakkl_total_lastMonth": null, "Areakkl_total_current": 0.0, "Area_diff": 0.0, "mavat_name_current": null, "mavat_name_lastMonth": null, "mavat_changed": true, "score_diff": null, "type_status": "added" }, "geometry": { "type": "Polygon", "coordinates": [ ] } },
{ "type": "Feature", "properties": { "HelkaMerhav": "דרום", "TeurShita": "רשום", "GUSH": 100301, "MisparHelka": 273, "BaalutBefoal": "קק\"ל", "MatzavRishum": "רישום לאחר פרצלציה", "ShetachBaalutKKL": 1548, "Shape__Area": null, "achuz_baalut_kkl": 100, "key": "100301-273-0", "achuz_baalut_kkl_lastMonth": null, "ShetachBaalutKKL_lastMonth": null, "Area_calc_lastMonth": null, "Area_calc": 0.0, "Areakkl_total_lastMonth": null, "Areakkl_total_current": 0.0, "Area_diff": 0.0, "mavat_name_current": null, "mavat_name_lastMonth": null, "mavat_changed": true, "score_diff": null, "type_status": "added" }, "geometry": { "type": "Polygon", "coordinates": [ ] } },
{ "type": "Feature", "properties": { "HelkaMerhav": "דרום", "TeurShita": "רשום", "GUSH": 100301, "MisparHelka": 274, "BaalutBefoal": "קק\"ל", "MatzavRishum": "רישום לאחר פרצלציה", "ShetachBaalutKKL": 2503, "Shape__Area": null, "achuz_baalut_kkl": 100, "key": "100301-274-0", "achuz_baalut_kkl_lastMonth": null, "ShetachBaalutKKL_lastMonth": null, "Area_calc_lastMonth": null, "Area_calc": 0.0, "Areakkl_total_lastMonth": null, "Areakkl_total_current": 0.0, "Area_diff": 0.0, "mavat_name_current": null, "mavat_name_lastMonth": null, "mavat_changed": true, "score_diff": null, "type_status": "added" }, "geometry": { "type": "Polygon", "coordinates": [ ] } },
{ "type": "Feature", "properties": { "HelkaMerhav": "דרום", "TeurShita": "רשום", "GUSH": 100301, "MisparHelka": 275, "BaalutBefoal": "קק\"ל", "MatzavRishum": "רישום לאחר פרצלציה", "ShetachBaalutKKL": 1563, "Shape__Area": null, "achuz_baalut_kkl": 100, "key": "100301-275-0", "achuz_baalut_kkl_lastMonth": null, "ShetachBaalutKKL_lastMonth": null, "Area_calc_lastMonth": null, "Area_calc": 0.0, "Areakkl_total_lastMonth": null, "Areakkl_total_current": 0.0, "Area_diff": 0.0, "mavat_name_current": null, "mavat_name_lastMonth": null, "mavat_changed": true, "score_diff": null, "type_status": "added" }, "geometry": { "type": "Polygon", "coordinates": [ ] } },
{ "type": "Feature", "properties": { "HelkaMerhav": "דרום", "TeurShita": "רשום", "GUSH": 100301, "MisparHelka": 276, "BaalutBefoal": "קק\"ל", "MatzavRishum": "רישום לאחר פרצלציה", "ShetachBaalutKKL": 2502, "Shape__Area": null, "achuz_baalut_kkl": 100, "key": "100301-276-0", "achuz_baalut_kkl_lastMonth": null, "ShetachBaalutKKL_lastMonth": null, "Area_calc_lastMonth": null, "Area_calc": 0.0, "Areakkl_total_lastMonth": null, "Areakkl_total_current": 0.0, "Area_diff": 0.0, "mavat_name_current": null, "mavat_name_lastMonth": null, "mavat_changed": true, "score_diff": null, "type_status": "added" }, "geometry": { "type": "Polygon", "coordinates": [ ] } },
{ "type": "Feature", "properties": { "HelkaMerhav": "דרום", "TeurShita": "רשום", "GUSH": 100301, "MisparHelka": 277, "BaalutBefoal": "קק\"ל", "MatzavRishum": "רישום לאחר פרצלציה", "ShetachBaalutKKL": 1548, "Shape__Area": null, "achuz_baalut_kkl": 100, "key": "100301-277-0", "achuz_baalut_kkl_lastMonth": null, "ShetachBaalutKKL_lastMonth": null, "Area_calc_lastMonth": null, "Area_calc": 0.0, "Areakkl_total_lastMonth": null, "Areakkl_total_current": 0.0, "Area_diff": 0.0, "mavat_name_current": null, "mavat_name_lastMonth": null, "mavat_changed": true, "score_diff": null, "type_status": "added" }, "geometry": { "type": "Polygon", "coordinates": [ ] } },
{ "type": "Feature", "properties": { "HelkaMerhav": "דרום", "TeurShita": "רשום", "GUSH": 100301, "MisparHelka": 278, "BaalutBefoal": "קק\"ל", "MatzavRishum": "רישום לאחר פרצלציה", "ShetachBaalutKKL": 2503, "Shape__Area": null, "achuz_baalut_kkl": 100, "key": "100301-278-0", "achuz_baalut_kkl_lastMonth": null, "ShetachBaalutKKL_lastMonth": null, "Area_calc_lastMonth": null, "Area_calc": 0.0, "Areakkl_total_lastMonth": null, "Areakkl_total_current": 0.0, "Area_diff": 0.0, "mavat_name_current": null, "mavat_name_lastMonth": null, "mavat_changed": true, "score_diff": null, "type_status": "added" }, "geometry": { "type": "Polygon", "coordinates": [ ] } },
{ "type": "Feature", "properties": { "HelkaMerhav": "דרום", "TeurShita": "רשום", "GUSH": 100301, "MisparHelka": 279, "BaalutBefoal": "קק\"ל", "MatzavRishum": "רישום לאחר פרצלציה", "ShetachBaalutKKL": 1563, "Shape__Area": null, "achuz_baalut_kkl": 100, "key": "100301-279-0", "achuz_baalut_kkl_lastMonth": null, "ShetachBaalutKKL_lastMonth": null, "Area_calc_lastMonth": null, "Area_calc": 0.0, "Areakkl_total_lastMonth": null, "Areakkl_total_current": 0.0, "Area_diff": 0.0, "mavat_name_current": null, "mavat_name_lastMonth": null, "mavat_changed": true, "score_diff": null, "type_status": "added" }, "geometry": { "type": "Polygon", "coordinates": [ ] } },
{ "type": "Feature", "properties": { "HelkaMerhav": "דרום", "TeurShita": "רשום", "GUSH": 100301, "MisparHelka": 280, "BaalutBefoal": "קק\"ל", "MatzavRishum": "רישום לאחר פרצלציה", "ShetachBaalutKKL": 2502, "Shape__Area": null, "achuz_baalut_kkl": 100, "key": "100301-280-0", "achuz_baalut_kkl_lastMonth": null, "ShetachBaalutKKL_lastMonth": null, "Area_calc_lastMonth": null, "Area_calc": 0.0, "Areakkl_total_lastMonth": null, "Areakkl_total_current": 0.0, "Area_diff": 0.0, "mavat_name_current": null, "mavat_name_lastMonth": null, "mavat_changed": true, "score_diff": null, "type_status": "added" }, "geometry": { "type": "Polygon", "coordinates": [ ] } },
{ "type": "Feature", "properties": { "HelkaMerhav": "דרום", "TeurShita": "רשום", "GUSH": 100301, "MisparHelka": 281, "BaalutBefoal": "קק\"ל", "MatzavRishum": "רישום לאחר פרצלציה", "ShetachBaalutKKL": 1548, "Shape__Area": null, "achuz_baalut_kkl": 100, "key": "100301-281-0", "achuz_baalut_kkl_lastMonth": null, "ShetachBaalutKKL_lastMonth": null, "Area_calc_lastMonth": null, "Area_calc": 0.0, "Areakkl_total_lastMonth": null, "Areakkl_total_current": 0.0, "Area_diff": 0.0, "mavat_name_current": null, "mavat_name_lastMonth": null, "mavat_changed": true, "score_diff": null, "type_status": "added" }, "geometry": { "type": "Polygon", "coordinates": [ ] } },
{ "type": "Feature", "properties": { "HelkaMerhav": "דרום", "TeurShita": "רשום", "GUSH": 100301, "MisparHelka": 282, "BaalutBefoal": "קק\"ל", "MatzavRishum": "רישום לאחר פרצלציה", "ShetachBaalutKKL": 2503, "Shape__Area": null, "achuz_baalut_kkl": 100, "key": "100301-282-0", "achuz_baalut_kkl_lastMonth": null, "ShetachBaalutKKL_lastMonth": null, "Area_calc_lastMonth": null, "Area_calc": 0.0, "Areakkl_total_lastMonth": null, "Areakkl_total_current": 0.0, "Area_diff": 0.0, "mavat_name_current": null, "mavat_name_lastMonth": null, "mavat_changed": true, "score_diff": null, "type_status": "added" }, "geometry": { "type": "Polygon", "coordinates": [ ] } },
{ "type": "Feature", "properties": { "HelkaMerhav": "דרום", "TeurShita": "רשום", "GUSH": 100301, "MisparHelka": 283, "BaalutBefoal": "קק\"ל", "MatzavRishum": "רישום לאחר פרצלציה", "ShetachBaalutKKL": 1563, "Shape__Area": null, "achuz_baalut_kkl": 100, "key": "100301-283-0", "achuz_baalut_kkl_lastMonth": null, "ShetachBaalutKKL_lastMonth": null, "Area_calc_lastMonth": null, "Area_calc": 0.0, "Areakkl_total_lastMonth": null, "Areakkl_total_current": 0.0, "Area_diff": 0.0, "mavat_name_current": null, "mavat_name_lastMonth": null, "mavat_changed": true, "score_diff": null, "type_status": "added" }, "geometry": { "type": "Polygon", "coordinates": [ ] } },
{ "type": "Feature", "properties": { "HelkaMerhav": "דרום", "TeurShita": "רשום", "GUSH": 100301, "MisparHelka": 284, "BaalutBefoal": "קק\"ל", "MatzavRishum": "רישום לאחר פרצלציה", "ShetachBaalutKKL": 2503, "Shape__Area": null, "achuz_baalut_kkl": 100, "key": "100301-284-0", "achuz_baalut_kkl_lastMonth": null, "ShetachBaalutKKL_lastMonth": null, "Area_calc_lastMonth": null, "Area_calc": 0.0, "Areakkl_total_lastMonth": null, "Areakkl_total_current": 0.0, "Area_diff": 0.0, "mavat_name_current": null, "mavat_name_lastMonth": null, "mavat_changed": true, "score_diff": null, "type_status": "added" }, "geometry": { "type": "Polygon", "coordinates": [ ] } },
{ "type": "Feature", "properties": { "HelkaMerhav": "דרום", "TeurShita": "רשום", "GUSH": 100301, "MisparHelka": 285, "BaalutBefoal": "קק\"ל", "MatzavRishum": "רישום לאחר פרצלציה", "ShetachBaalutKKL": 1548, "Shape__Area": null, "achuz_baalut_kkl": 100, "key": "100301-285-0", "achuz_baalut_kkl_lastMonth": null, "ShetachBaalutKKL_lastMonth": null, "Area_calc_lastMonth": null, "Area_calc": 0.0, "Areakkl_total_lastMonth": null, "Areakkl_total_current": 0.0, "Area_diff": 0.0, "mavat_name_current": null, "mavat_name_lastMonth": null, "mavat_changed": true, "score_diff": null, "type_status": "added" }, "geometry": { "type": "Polygon", "coordinates": [ ] } },
{ "type": "Feature", "properties": { "HelkaMerhav": "דרום", "TeurShita": "רשום", "GUSH": 100301, "MisparHelka": 286, "BaalutBefoal": "קק\"ל", "MatzavRishum": "רישום לאחר פרצלציה", "ShetachBaalutKKL": 2502, "Shape__Area": null, "achuz_baalut_kkl": 100, "key": "100301-286-0", "achuz_baalut_kkl_lastMonth": null, "ShetachBaalutKKL_lastMonth": null, "Area_calc_lastMonth": null, "Area_calc": 0.0, "Areakkl_total_lastMonth": null, "Areakkl_total_current": 0.0, "Area_diff": 0.0, "mavat_name_current": null, "mavat_name_lastMonth": null, "mavat_changed": true, "score_diff": null, "type_status": "added" }, "geometry": { "type": "Polygon", "coordinates": [ ] } },
{ "type": "Feature", "properties": { "HelkaMerhav": "דרום", "TeurShita": "רשום", "GUSH": 100301, "MisparHelka": 287, "BaalutBefoal": "קק\"ל", "MatzavRishum": "רישום לאחר פרצלציה", "ShetachBaalutKKL": 1561, "Shape__Area": null, "achuz_baalut_kkl": 100, "key": "100301-287-0", "achuz_baalut_kkl_lastMonth": null, "ShetachBaalutKKL_lastMonth": null, "Area_calc_lastMonth": null, "Area_calc": 0.0, "Areakkl_total_lastMonth": null, "Areakkl_total_current": 0.0, "Area_diff": 0.0, "mavat_name_current": null, "mavat_name_lastMonth": null, "mavat_changed": true, "score_diff": null, "type_status": "added" }, "geometry": { "type": "Polygon", "coordinates": [ ] } },
{ "type": "Feature", "properties": { "HelkaMerhav": "דרום", "TeurShita": "רשום", "GUSH": 100301, "MisparHelka": 288, "BaalutBefoal": "קק\"ל", "MatzavRishum": "רישום לאחר פרצלציה", "ShetachBaalutKKL": 2502, "Shape__Area": null, "achuz_baalut_kkl": 100, "key": "100301-288-0", "achuz_baalut_kkl_lastMonth": null, "ShetachBaalutKKL_lastMonth": null, "Area_calc_lastMonth": null, "Area_calc": 0.0, "Areakkl_total_lastMonth": null, "Areakkl_total_current": 0.0, "Area_diff": 0.0, "mavat_name_current": null, "mavat_name_lastMonth": null, "mavat_changed": true, "score_diff": null, "type_status": "added" }, "geometry": { "type": "Polygon", "coordinates": [ ] } },
{ "type": "Feature", "properties": { "HelkaMerhav": "דרום", "TeurShita": "רשום", "GUSH": 100301, "MisparHelka": 289, "BaalutBefoal": "קק\"ל", "MatzavRishum": "רישום לאחר פרצלציה", "ShetachBaalutKKL": 1548, "Shape__Area": null, "achuz_baalut_kkl": 100, "key": "100301-289-0", "achuz_baalut_kkl_lastMonth": null, "ShetachBaalutKKL_lastMonth": null, "Area_calc_lastMonth": null, "Area_calc": 0.0, "Areakkl_total_lastMonth": null, "Areakkl_total_current": 0.0, "Area_diff": 0.0, "mavat_name_current": null, "mavat_name_lastMonth": null, "mavat_changed": true, "score_diff": null, "type_status": "added" }, "geometry": { "type": "Polygon", "coordinates": [ ] } },
{ "type": "Feature", "properties": { "HelkaMerhav": "דרום", "TeurShita": "רשום", "GUSH": 100301, "MisparHelka": 290, "BaalutBefoal": "קק\"ל", "MatzavRishum": "רישום לאחר פרצלציה", "ShetachBaalutKKL": 7044, "Shape__Area": null, "achuz_baalut_kkl": 100, "key": "100301-290-0", "achuz_baalut_kkl_lastMonth": null, "ShetachBaalutKKL_lastMonth": null, "Area_calc_lastMonth": null, "Area_calc": 0.0, "Areakkl_total_lastMonth": null, "Areakkl_total_current": 0.0, "Area_diff": 0.0, "mavat_name_current": null, "mavat_name_lastMonth": null, "mavat_changed": true, "score_diff": null, "type_status": "added" }, "geometry": { "type": "Polygon", "coordinates": [ ] } },
{ "type": "Feature", "properties": { "HelkaMerhav": "דרום", "TeurShita": "רשום", "GUSH": 100301, "MisparHelka": 291, "BaalutBefoal": "קק\"ל", "MatzavRishum": "רישום לאחר פרצלציה", "ShetachBaalutKKL": 1045, "Shape__Area": null, "achuz_baalut_kkl": 100, "key": "100301-291-0", "achuz_baalut_kkl_lastMonth": null, "ShetachBaalutKKL_lastMonth": null, "Area_calc_lastMonth": null, "Area_calc": 0.0, "Areakkl_total_lastMonth": null, "Areakkl_total_current": 0.0, "Area_diff": 0.0, "mavat_name_current": null, "mavat_name_lastMonth": null, "mavat_changed": true, "score_diff": null, "type_status": "added" }, "geometry": { "type": "Polygon", "coordinates": [ ] } },
{ "type": "Feature", "properties": { "HelkaMerhav": "דרום", "TeurShita": "רשום", "GUSH": 100301, "MisparHelka": 292, "BaalutBefoal": "קק\"ל", "MatzavRishum": "רישום לאחר פרצלציה", "ShetachBaalutKKL": 571, "Shape__Area": null, "achuz_baalut_kkl": 100, "key": "100301-292-0", "achuz_baalut_kkl_lastMonth": null, "ShetachBaalutKKL_lastMonth": null, "Area_calc_lastMonth": null, "Area_calc": 0.0, "Areakkl_total_lastMonth": null, "Areakkl_total_current": 0.0, "Area_diff": 0.0, "mavat_name_current": null, "mavat_name_lastMonth": null, "mavat_changed": true, "score_diff": null, "type_status": "added" }, "geometry": { "type": "Polygon", "coordinates": [ ] } },
{ "type": "Feature", "properties": { "HelkaMerhav": "דרום", "TeurShita": "רשום", "GUSH": 100301, "MisparHelka": 293, "BaalutBefoal": "קק\"ל", "MatzavRishum": "רישום לאחר פרצלציה", "ShetachBaalutKKL": 585, "Shape__Area": null, "achuz_baalut_kkl": 100, "key": "100301-293-0", "achuz_baalut_kkl_lastMonth": null, "ShetachBaalutKKL_lastMonth": null, "Area_calc_lastMonth": null, "Area_calc": 0.0, "Areakkl_total_lastMonth": null, "Areakkl_total_current": 0.0, "Area_diff": 0.0, "mavat_name_current": null, "mavat_name_lastMonth": null, "mavat_changed": true, "score_diff": null, "type_status": "added" }, "geometry": { "type": "Polygon", "coordinates": [ ] } },
{ "type": "Feature", "properties": { "HelkaMerhav": "דרום", "TeurShita": "רשום", "GUSH": 100301, "MisparHelka": 294, "BaalutBefoal": "קק\"ל", "MatzavRishum": "רישום לאחר פרצלציה", "ShetachBaalutKKL": 3550, "Shape__Area": null, "achuz_baalut_kkl": 100, "key": "100301-294-0", "achuz_baalut_kkl_lastMonth": null, "ShetachBaalutKKL_lastMonth": null, "Area_calc_lastMonth": null, "Area_calc": 0.0, "Areakkl_total_lastMonth": null, "Areakkl_total_current": 0.0, "Area_diff": 0.0, "mavat_name_current": null, "mavat_name_lastMonth": null, "mavat_changed": true, "score_diff": null, "type_status": "added" }, "geometry": { "type": "Polygon", "coordinates": [ ] } },
{ "type": "Feature", "properties": { "HelkaMerhav": "דרום", "TeurShita": "רשום", "GUSH": 100301, "MisparHelka": 295, "BaalutBefoal": "קק\"ל", "MatzavRishum": "רישום לאחר פרצלציה", "ShetachBaalutKKL": 2366, "Shape__Area": null, "achuz_baalut_kkl": 100, "key": "100301-295-0", "achuz_baalut_kkl_lastMonth": null, "ShetachBaalutKKL_lastMonth": null, "Area_calc_lastMonth": null, "Area_calc": 0.0, "Areakkl_total_lastMonth": null, "Areakkl_total_current": 0.0, "Area_diff": 0.0, "mavat_name_current": null, "mavat_name_lastMonth": null, "mavat_changed": true, "score_diff": null, "type_status": "added" }, "geometry": { "type": "Polygon", "coordinates": [ ] } },
{ "type": "Feature", "properties": { "HelkaMerhav": "דרום", "TeurShita": "רשום", "GUSH": 100301, "MisparHelka": 296, "BaalutBefoal": "קק\"ל", "MatzavRishum": "רישום לאחר פרצלציה", "ShetachBaalutKKL": 23700, "Shape__Area": null, "achuz_baalut_kkl": 100, "key": "100301-296-0", "achuz_baalut_kkl_lastMonth": null, "ShetachBaalutKKL_lastMonth": null, "Area_calc_lastMonth": null, "Area_calc": 0.0, "Areakkl_total_lastMonth": null, "Areakkl_total_current": 0.0, "Area_diff": 0.0, "mavat_name_current": null, "mavat_name_lastMonth": null, "mavat_changed": true, "score_diff": null, "type_status": "added" }, "geometry": { "type": "Polygon", "coordinates": [ ] } },
{ "type": "Feature", "properties": { "HelkaMerhav": "דרום", "TeurShita": "רשום", "GUSH": 100301, "MisparHelka": 297, "BaalutBefoal": "קק\"ל", "MatzavRishum": "רישום לאחר פרצלציה", "ShetachBaalutKKL": 1775, "Shape__Area": null, "achuz_baalut_kkl": 100, "key": "100301-297-0", "achuz_baalut_kkl_lastMonth": null, "ShetachBaalutKKL_lastMonth": null, "Area_calc_lastMonth": null, "Area_calc": 0.0, "Areakkl_total_lastMonth": null, "Areakkl_total_current": 0.0, "Area_diff": 0.0, "mavat_name_current": null, "mavat_name_lastMonth": null, "mavat_changed": true, "score_diff": null, "type_status": "added" }, "geometry": { "type": "Polygon", "coordinates": [ ] } },
{ "type": "Feature", "properties": { "HelkaMerhav": "דרום", "TeurShita": "רשום", "GUSH": 100301, "MisparHelka": 298, "BaalutBefoal": "קק\"ל", "MatzavRishum": "רישום לאחר פרצלציה", "ShetachBaalutKKL": 7162, "Shape__Area": null, "achuz_baalut_kkl": 100, "key": "100301-298-0", "achuz_baalut_kkl_lastMonth": null, "ShetachBaalutKKL_lastMonth": null, "Area_calc_lastMonth": null, "Area_calc": 0.0, "Areakkl_total_lastMonth": null, "Areakkl_total_current": 0.0, "Area_diff": 0.0, "mavat_name_current": null, "mavat_name_lastMonth": null, "mavat_changed": true, "score_diff": null, "type_status": "added" }, "geometry": { "type": "Polygon", "coordinates": [ ] } },
{ "type": "Feature", "properties": { "HelkaMerhav": "דרום", "TeurShita": "רשום", "GUSH": 100301, "MisparHelka": 299, "BaalutBefoal": "קק\"ל", "MatzavRishum": "רישום לאחר פרצלציה", "ShetachBaalutKKL": 5104, "Shape__Area": null, "achuz_baalut_kkl": 100, "key": "100301-299-0", "achuz_baalut_kkl_lastMonth": null, "ShetachBaalutKKL_lastMonth": null, "Area_calc_lastMonth": null, "Area_calc": 0.0, "Areakkl_total_lastMonth": null, "Areakkl_total_current": 0.0, "Area_diff": 0.0, "mavat_name_current": null, "mavat_name_lastMonth": null, "mavat_changed": true, "score_diff": null, "type_status": "added" }, "geometry": { "type": "Polygon", "coordinates": [ ] } },
{ "type": "Feature", "properties": { "HelkaMerhav": "דרום", "TeurShita": "רשום", "GUSH": 100301, "MisparHelka": 300, "BaalutBefoal": "קק\"ל", "MatzavRishum": "רישום לאחר פרצלציה", "ShetachBaalutKKL": 5056, "Shape__Area": null, "achuz_baalut_kkl": 100, "key": "100301-300-0", "achuz_baalut_kkl_lastMonth": null, "ShetachBaalutKKL_lastMonth": null, "Area_calc_lastMonth": null, "Area_calc": 0.0, "Areakkl_total_lastMonth": null, "Areakkl_total_current": 0.0, "Area_diff": 0.0, "mavat_name_current": null, "mavat_name_lastMonth": null, "mavat_changed": true, "score_diff": null, "type_status": "added" }, "geometry": { "type": "Polygon", "coordinates": [ ] } },
{ "type": "Feature", "properties": { "HelkaMerhav": "דרום", "TeurShita": "רשום", "GUSH": 100301, "MisparHelka": 301, "BaalutBefoal": "קק\"ל", "MatzavRishum": "רישום לאחר פרצלציה", "ShetachBaalutKKL": 10736, "Shape__Area": null, "achuz_baalut_kkl": 100, "key": "100301-301-0", "achuz_baalut_kkl_lastMonth": null, "ShetachBaalutKKL_lastMonth": null, "Area_calc_lastMonth": null, "Area_calc": 0.0, "Areakkl_total_lastMonth": null, "Areakkl_total_current": 0.0, "Area_diff": 0.0, "mavat_name_current": null, "mavat_name_lastMonth": null, "mavat_changed": true, "score_diff": null, "type_status": "added" }, "geometry": { "type": "Polygon", "coordinates": [ ] } },
{ "type": "Feature", "properties": { "HelkaMerhav": "דרום", "TeurShita": "רשום", "GUSH": 100301, "MisparHelka": 302, "BaalutBefoal": "קק\"ל", "MatzavRishum": "רישום לאחר פרצלציה", "ShetachBaalutKKL": 2717, "Shape__Area": null, "achuz_baalut_kkl": 100, "key": "100301-302-0", "achuz_baalut_kkl_lastMonth": null, "ShetachBaalutKKL_lastMonth": null, "Area_calc_lastMonth": null, "Area_calc": 0.0, "Areakkl_total_lastMonth": null, "Areakkl_total_current": 0.0, "Area_diff": 0.0, "mavat_name_current": null, "mavat_name_lastMonth": null, "mavat_changed": true, "score_diff": null, "type_status": "added" }, "geometry": { "type": "Polygon", "coordinates": [ ] } },
{ "type": "Feature", "properties": { "HelkaMerhav": "דרום", "TeurShita": "רשום", "GUSH": 100828, "MisparHelka": 86, "BaalutBefoal": "קק\"ל", "MatzavRishum": "רישום לאחר פרצלציה", "ShetachBaalutKKL": 2192, "Shape__Area": null, "achuz_baalut_kkl": 100, "key": "100828-86-0", "achuz_baalut_kkl_lastMonth": null, "ShetachBaalutKKL_lastMonth": null, "Area_calc_lastMonth": null, "Area_calc": 0.0, "Areakkl_total_lastMonth": null, "Areakkl_total_current": 0.0, "Area_diff": 0.0, "mavat_name_current": null, "mavat_name_lastMonth": null, "mavat_changed": true, "score_diff": null, "type_status": "added" }, "geometry": { "type": "Polygon", "coordinates": [ ] } },
{ "type": "Feature", "properties": { "HelkaMerhav": "דרום", "TeurShita": "רשום", "GUSH": 100828, "MisparHelka": 88, "BaalutBefoal": "קק\"ל", "MatzavRishum": "רישום לאחר פרצלציה", "ShetachBaalutKKL": 2455, "Shape__Area": null, "achuz_baalut_kkl": 100, "key": "100828-88-0", "achuz_baalut_kkl_lastMonth": null, "ShetachBaalutKKL_lastMonth": null, "Area_calc_lastMonth": null, "Area_calc": 0.0, "Areakkl_total_lastMonth": null, "Areakkl_total_current": 0.0, "Area_diff": 0.0, "mavat_name_current": null, "mavat_name_lastMonth": null, "mavat_changed": true, "score_diff": null, "type_status": "added" }, "geometry": { "type": "Polygon", "coordinates": [ ] } },
{ "type": "Feature", "properties": { "HelkaMerhav": "דרום", "TeurShita": "רשום", "GUSH": 100828, "MisparHelka": 89, "BaalutBefoal": "קק\"ל", "MatzavRishum": "רישום לאחר פרצלציה", "ShetachBaalutKKL": 75624, "Shape__Area": null, "achuz_baalut_kkl": 100, "key": "100828-89-0", "achuz_baalut_kkl_lastMonth": null, "ShetachBaalutKKL_lastMonth": null, "Area_calc_lastMonth": null, "Area_calc": 0.0, "Areakkl_total_lastMonth": null, "Areakkl_total_current": 0.0, "Area_diff": 0.0, "mavat_name_current": null, "mavat_name_lastMonth": null, "mavat_changed": true, "score_diff": null, "type_status": "added" }, "geometry": { "type": "Polygon", "coordinates": [ ] } },
{ "type": "Feature", "properties": { "HelkaMerhav": "צפון והגולן", "TeurShita": "רשום", "GUSH": 11078, "MisparHelka": 3, "BaalutBefoal": "קק\"ל", "MatzavRishum": "רישום לאחר פרצלציה", "ShetachBaalutKKL": 169359, "Shape__Area": null, "achuz_baalut_kkl": 100, "key": "11078-3-0", "achuz_baalut_kkl_lastMonth": null, "ShetachBaalutKKL_lastMonth": null, "Area_calc_lastMonth": null, "Area_calc": 0.0, "Areakkl_total_lastMonth": null, "Areakkl_total_current": 0.0, "Area_diff": 0.0, "mavat_name_current": null, "mavat_name_lastMonth": null, "mavat_changed": true, "score_diff": null, "type_status": "added" }, "geometry": { "type": "Polygon", "coordinates": [ ] } },
{ "type": "Feature", "properties": { "HelkaMerhav": "צפון והגולן", "TeurShita": "רשום", "GUSH": 11084, "MisparHelka": 76, "BaalutBefoal": "קק\"ל", "MatzavRishum": "רישום לאחר פרצלציה", "ShetachBaalutKKL": 9328, "Shape__Area": null, "achuz_baalut_kkl": 100, "key": "11084-76-0", "achuz_baalut_kkl_lastMonth": null, "ShetachBaalutKKL_lastMonth": null, "Area_calc_lastMonth": null, "Area_calc": 0.0, "Areakkl_total_lastMonth": null, "Areakkl_total_current": 0.0, "Area_diff": 0.0, "mavat_name_current": null, "mavat_name_lastMonth": null, "mavat_changed": true, "score_diff": null, "type_status": "added" }, "geometry": { "type": "Polygon", "coordinates": [ ] } },
{ "type": "Feature", "properties": { "HelkaMerhav": "צפון והגולן", "TeurShita": "רשום", "GUSH": 11084, "MisparHelka": 78, "BaalutBefoal": "קק\"ל", "MatzavRishum": "רישום לאחר פרצלציה", "ShetachBaalutKKL": 7063, "Shape__Area": null, "achuz_baalut_kkl": 100, "key": "11084-78-0", "achuz_baalut_kkl_lastMonth": null, "ShetachBaalutKKL_lastMonth": null, "Area_calc_lastMonth": null, "Area_calc": 0.0, "Areakkl_total_lastMonth": null, "Areakkl_total_current": 0.0, "Area_diff": 0.0, "mavat_name_current": null, "mavat_name_lastMonth": null, "mavat_changed": true, "score_diff": null, "type_status": "added" }, "geometry": { "type": "Polygon", "coordinates": [ ] } },
{ "type": "Feature", "properties": { "HelkaMerhav": "צפון והגולן", "TeurShita": "רשום", "GUSH": 11084, "MisparHelka": 80, "BaalutBefoal": "קק\"ל", "MatzavRishum": "רישום לאחר פרצלציה", "ShetachBaalutKKL": 8340, "Shape__Area": null, "achuz_baalut_kkl": 100, "key": "11084-80-0", "achuz_baalut_kkl_lastMonth": null, "ShetachBaalutKKL_lastMonth": null, "Area_calc_lastMonth": null, "Area_calc": 0.0, "Areakkl_total_lastMonth": null, "Areakkl_total_current": 0.0, "Area_diff": 0.0, "mavat_name_current": null, "mavat_name_lastMonth": null, "mavat_changed": true, "score_diff": null, "type_status": "added" }, "geometry": { "type": "Polygon", "coordinates": [ ] } },
{ "type": "Feature", "properties": { "HelkaMerhav": "צפון והגולן", "TeurShita": "רשום", "GUSH": 11084, "MisparHelka": 82, "BaalutBefoal": "קק\"ל", "MatzavRishum": "רישום לאחר פרצלציה", "ShetachBaalutKKL": 13516, "Shape__Area": null, "achuz_baalut_kkl": 100, "key": "11084-82-0", "achuz_baalut_kkl_lastMonth": null, "ShetachBaalutKKL_lastMonth": null, "Area_calc_lastMonth": null, "Area_calc": 0.0, "Areakkl_total_lastMonth": null, "Areakkl_total_current": 0.0, "Area_diff": 0.0, "mavat_name_current": null, "mavat_name_lastMonth": null, "mavat_changed": true, "score_diff": null, "type_status": "added" }, "geometry": { "type": "Polygon", "coordinates": [ ] } },
{ "type": "Feature", "properties": { "HelkaMerhav": "צפון והגולן", "TeurShita": "רשום", "GUSH": 11085, "MisparHelka": 4, "BaalutBefoal": "קק\"ל", "MatzavRishum": "רישום לאחר פרצלציה", "ShetachBaalutKKL": 55431, "Shape__Area": null, "achuz_baalut_kkl": 100, "key": "11085-4-0", "achuz_baalut_kkl_lastMonth": null, "ShetachBaalutKKL_lastMonth": null, "Area_calc_lastMonth": null, "Area_calc": 0.0, "Areakkl_total_lastMonth": null, "Areakkl_total_current": 0.0, "Area_diff": 0.0, "mavat_name_current": null, "mavat_name_lastMonth": null, "mavat_changed": true, "score_diff": null, "type_status": "added" }, "geometry": { "type": "Polygon", "coordinates": [ ] } },
{ "type": "Feature", "properties": { "HelkaMerhav": "חיפה", "TeurShita": "רשום", "GUSH": 11385, "MisparHelka": 83, "BaalutBefoal": "קק\"ל", "MatzavRishum": "רישום לאחר פרצלציה", "ShetachBaalutKKL": 955, "Shape__Area": null, "achuz_baalut_kkl": 100, "key": "11385-83-0", "achuz_baalut_kkl_lastMonth": null, "ShetachBaalutKKL_lastMonth": null, "Area_calc_lastMonth": null, "Area_calc": 0.0, "Areakkl_total_lastMonth": null, "Areakkl_total_current": 0.0, "Area_diff": 0.0, "mavat_name_current": null, "mavat_name_lastMonth": null, "mavat_changed": true, "score_diff": null, "type_status": "added" }, "geometry": { "type": "Polygon", "coordinates": [ ] } },
{ "type": "Feature", "properties": { "HelkaMerhav": "צפון והגולן", "TeurShita": "רשום", "GUSH": 12796, "MisparHelka": 68, "BaalutBefoal": "קק\"ל", "MatzavRishum": "רישום לאחר פרצלציה", "ShetachBaalutKKL": 93, "Shape__Area": null, "achuz_baalut_kkl": 100, "key": "12796-68-0", "achuz_baalut_kkl_lastMonth": null, "ShetachBaalutKKL_lastMonth": null, "Area_calc_lastMonth": null, "Area_calc": 0.0, "Areakkl_total_lastMonth": null, "Areakkl_total_current": 0.0, "Area_diff": 0.0, "mavat_name_current": null, "mavat_name_lastMonth": null, "mavat_changed": true, "score_diff": null, "type_status": "added" }, "geometry": { "type": "Polygon", "coordinates": [ ] } },
{ "type": "Feature", "properties": { "HelkaMerhav": "צפון והגולן", "TeurShita": "רשום", "GUSH": 12796, "MisparHelka": 69, "BaalutBefoal": "קק\"ל", "MatzavRishum": "רישום לאחר פרצלציה", "ShetachBaalutKKL": 378, "Shape__Area": null, "achuz_baalut_kkl": 100, "key": "12796-69-0", "achuz_baalut_kkl_lastMonth": null, "ShetachBaalutKKL_lastMonth": null, "Area_calc_lastMonth": null, "Area_calc": 0.0, "Areakkl_total_lastMonth": null, "Areakkl_total_current": 0.0, "Area_diff": 0.0, "mavat_name_current": null, "mavat_name_lastMonth": null, "mavat_changed": true, "score_diff": null, "type_status": "added" }, "geometry": { "type": "Polygon", "coordinates": [ ] } },
{ "type": "Feature", "properties": { "HelkaMerhav": "צפון והגולן", "TeurShita": "רשום", "GUSH": 12935, "MisparHelka": 13, "BaalutBefoal": "קק\"ל", "MatzavRishum": "רישום לאחר פרצלציה", "ShetachBaalutKKL": 1387, "Shape__Area": null, "achuz_baalut_kkl": 100, "key": "12935-13-0", "achuz_baalut_kkl_lastMonth": null, "ShetachBaalutKKL_lastMonth": null, "Area_calc_lastMonth": null, "Area_calc": 0.0, "Areakkl_total_lastMonth": null, "Areakkl_total_current": 0.0, "Area_diff": 0.0, "mavat_name_current": null, "mavat_name_lastMonth": null, "mavat_changed": true, "score_diff": null, "type_status": "added" }, "geometry": { "type": "Polygon", "coordinates": [ ] } },
{ "type": "Feature", "properties": { "HelkaMerhav": "צפון והגולן", "TeurShita": "רשום", "GUSH": 12935, "MisparHelka": 14, "BaalutBefoal": "קק\"ל", "MatzavRishum": "רישום לאחר פרצלציה", "ShetachBaalutKKL": 1530, "Shape__Area": null, "achuz_baalut_kkl": 100, "key": "12935-14-0", "achuz_baalut_kkl_lastMonth": null, "ShetachBaalutKKL_lastMonth": null, "Area_calc_lastMonth": null, "Area_calc": 0.0, "Areakkl_total_lastMonth": null, "Areakkl_total_current": 0.0, "Area_diff": 0.0, "mavat_name_current": null, "mavat_name_lastMonth": null, "mavat_changed": true, "score_diff": null, "type_status": "added" }, "geometry": { "type": "Polygon", "coordinates": [ ] } },
{ "type": "Feature", "properties": { "HelkaMerhav": "צפון והגולן", "TeurShita": "רשום", "GUSH": 12935, "MisparHelka": 15, "BaalutBefoal": "קק\"ל", "MatzavRishum": "רישום לאחר פרצלציה", "ShetachBaalutKKL": 1678, "Shape__Area": null, "achuz_baalut_kkl": 100, "key": "12935-15-0", "achuz_baalut_kkl_lastMonth": null, "ShetachBaalutKKL_lastMonth": null, "Area_calc_lastMonth": null, "Area_calc": 0.0, "Areakkl_total_lastMonth": null, "Areakkl_total_current": 0.0, "Area_diff": 0.0, "mavat_name_current": null, "mavat_name_lastMonth": null, "mavat_changed": true, "score_diff": null, "type_status": "added" }, "geometry": { "type": "Polygon", "coordinates": [ ] } },
{ "type": "Feature", "properties": { "HelkaMerhav": "צפון והגולן", "TeurShita": "רשום", "GUSH": 12935, "MisparHelka": 16, "BaalutBefoal": "קק\"ל", "MatzavRishum": "רישום לאחר פרצלציה", "ShetachBaalutKKL": 1807, "Shape__Area": null, "achuz_baalut_kkl": 100, "key": "12935-16-0", "achuz_baalut_kkl_lastMonth": null, "ShetachBaalutKKL_lastMonth": null, "Area_calc_lastMonth": null, "Area_calc": 0.0, "Areakkl_total_lastMonth": null, "Areakkl_total_current": 0.0, "Area_diff": 0.0, "mavat_name_current": null, "mavat_name_lastMonth": null, "mavat_changed": true, "score_diff": null, "type_status": "added" }, "geometry": { "type": "Polygon", "coordinates": [ ] } },
{ "type": "Feature", "properties": { "HelkaMerhav": "צפון והגולן", "TeurShita": "רשום", "GUSH": 12935, "MisparHelka": 17, "BaalutBefoal": "קק\"ל", "MatzavRishum": "רישום לאחר פרצלציה", "ShetachBaalutKKL": 2062, "Shape__Area": null, "achuz_baalut_kkl": 100, "key": "12935-17-0", "achuz_baalut_kkl_lastMonth": null, "ShetachBaalutKKL_lastMonth": null, "Area_calc_lastMonth": null, "Area_calc": 0.0, "Areakkl_total_lastMonth": null, "Areakkl_total_current": 0.0, "Area_diff": 0.0, "mavat_name_current": null, "mavat_name_lastMonth": null, "mavat_changed": true, "score_diff": null, "type_status": "added" }, "geometry": { "type": "Polygon", "coordinates": [ ] } },
{ "type": "Feature", "properties": { "HelkaMerhav": "צפון והגולן", "TeurShita": "רשום", "GUSH": 12935, "MisparHelka": 19, "BaalutBefoal": "קק\"ל", "MatzavRishum": "רישום לאחר פרצלציה", "ShetachBaalutKKL": 1687, "Shape__Area": null, "achuz_baalut_kkl": 100, "key": "12935-19-0", "achuz_baalut_kkl_lastMonth": null, "ShetachBaalutKKL_lastMonth": null, "Area_calc_lastMonth": null, "Area_calc": 0.0, "Areakkl_total_lastMonth": null, "Areakkl_total_current": 0.0, "Area_diff": 0.0, "mavat_name_current": null, "mavat_name_lastMonth": null, "mavat_changed": true, "score_diff": null, "type_status": "added" }, "geometry": { "type": "Polygon", "coordinates": [ ] } },
{ "type": "Feature", "properties": { "HelkaMerhav": "צפון והגולן", "TeurShita": "רשום", "GUSH": 12935, "MisparHelka": 20, "BaalutBefoal": "קק\"ל", "MatzavRishum": "רישום לאחר פרצלציה", "ShetachBaalutKKL": 1573, "Shape__Area": null, "achuz_baalut_kkl": 100, "key": "12935-20-0", "achuz_baalut_kkl_lastMonth": null, "ShetachBaalutKKL_lastMonth": null, "Area_calc_lastMonth": null, "Area_calc": 0.0, "Areakkl_total_lastMonth": null, "Areakkl_total_current": 0.0, "Area_diff": 0.0, "mavat_name_current": null, "mavat_name_lastMonth": null, "mavat_changed": true, "score_diff": null, "type_status": "added" }, "geometry": { "type": "Polygon", "coordinates": [ ] } },
{ "type": "Feature", "properties": { "HelkaMerhav": "צפון והגולן", "TeurShita": "רשום", "GUSH": 12935, "MisparHelka": 21, "BaalutBefoal": "קק\"ל", "MatzavRishum": "רישום לאחר פרצלציה", "ShetachBaalutKKL": 1530, "Shape__Area": null, "achuz_baalut_kkl": 100, "key": "12935-21-0", "achuz_baalut_kkl_lastMonth": null, "ShetachBaalutKKL_lastMonth": null, "Area_calc_lastMonth": null, "Area_calc": 0.0, "Areakkl_total_lastMonth": null, "Areakkl_total_current": 0.0, "Area_diff": 0.0, "mavat_name_current": null, "mavat_name_lastMonth": null, "mavat_changed": true, "score_diff": null, "type_status": "added" }, "geometry": { "type": "Polygon", "coordinates": [ ] } },
{ "type": "Feature", "properties": { "HelkaMerhav": "צפון והגולן", "TeurShita": "רשום", "GUSH": 12935, "MisparHelka": 22, "BaalutBefoal": "קק\"ל", "MatzavRishum": "רישום לאחר פרצלציה", "ShetachBaalutKKL": 2560, "Shape__Area": null, "achuz_baalut_kkl": 100, "key": "12935-22-0", "achuz_baalut_kkl_lastMonth": null, "ShetachBaalutKKL_lastMonth": null, "Area_calc_lastMonth": null, "Area_calc": 0.0, "Areakkl_total_lastMonth": null, "Areakkl_total_current": 0.0, "Area_diff": 0.0, "mavat_name_current": null, "mavat_name_lastMonth": null, "mavat_changed": true, "score_diff": null, "type_status": "added" }, "geometry": { "type": "Polygon", "coordinates": [ ] } },
{ "type": "Feature", "properties": { "HelkaMerhav": "צפון והגולן", "TeurShita": "רשום", "GUSH": 12935, "MisparHelka": 25, "BaalutBefoal": "קק\"ל", "MatzavRishum": "רישום לאחר פרצלציה", "ShetachBaalutKKL": 850, "Shape__Area": null, "achuz_baalut_kkl": 100, "key": "12935-25-0", "achuz_baalut_kkl_lastMonth": null, "ShetachBaalutKKL_lastMonth": null, "Area_calc_lastMonth": null, "Area_calc": 0.0, "Areakkl_total_lastMonth": null, "Areakkl_total_current": 0.0, "Area_diff": 0.0, "mavat_name_current": null, "mavat_name_lastMonth": null, "mavat_changed": true, "score_diff": null, "type_status": "added" }, "geometry": { "type": "Polygon", "coordinates": [ ] } },
{ "type": "Feature", "properties": { "HelkaMerhav": "צפון והגולן", "TeurShita": "רשום", "GUSH": 12935, "MisparHelka": 26, "BaalutBefoal": "קק\"ל", "MatzavRishum": "רישום לאחר פרצלציה", "ShetachBaalutKKL": 668, "Shape__Area": null, "achuz_baalut_kkl": 100, "key": "12935-26-0", "achuz_baalut_kkl_lastMonth": null, "ShetachBaalutKKL_lastMonth": null, "Area_calc_lastMonth": null, "Area_calc": 0.0, "Areakkl_total_lastMonth": null, "Areakkl_total_current": 0.0, "Area_diff": 0.0, "mavat_name_current": null, "mavat_name_lastMonth": null, "mavat_changed": true, "score_diff": null, "type_status": "added" }, "geometry": { "type": "Polygon", "coordinates": [ ] } },
{ "type": "Feature", "properties": { "HelkaMerhav": "צפון והגולן", "TeurShita": "רשום", "GUSH": 12935, "MisparHelka": 27, "BaalutBefoal": "קק\"ל", "MatzavRishum": "רישום לאחר פרצלציה", "ShetachBaalutKKL": 677, "Shape__Area": null, "achuz_baalut_kkl": 100, "key": "12935-27-0", "achuz_baalut_kkl_lastMonth": null, "ShetachBaalutKKL_lastMonth": null, "Area_calc_lastMonth": null, "Area_calc": 0.0, "Areakkl_total_lastMonth": null, "Areakkl_total_current": 0.0, "Area_diff": 0.0, "mavat_name_current": null, "mavat_name_lastMonth": null, "mavat_changed": true, "score_diff": null, "type_status": "added" }, "geometry": { "type": "Polygon", "coordinates": [ ] } },
{ "type": "Feature", "properties": { "HelkaMerhav": "צפון והגולן", "TeurShita": "רשום", "GUSH": 12935, "MisparHelka": 28, "BaalutBefoal": "קק\"ל", "MatzavRishum": "רישום לאחר פרצלציה", "ShetachBaalutKKL": 751, "Shape__Area": null, "achuz_baalut_kkl": 100, "key": "12935-28-0", "achuz_baalut_kkl_lastMonth": null, "ShetachBaalutKKL_lastMonth": null, "Area_calc_lastMonth": null, "Area_calc": 0.0, "Areakkl_total_lastMonth": null, "Areakkl_total_current": 0.0, "Area_diff": 0.0, "mavat_name_current": null, "mavat_name_lastMonth": null, "mavat_changed": true, "score_diff": null, "type_status": "added" }, "geometry": { "type": "Polygon", "coordinates": [ ] } },
{ "type": "Feature", "properties": { "HelkaMerhav": "צפון והגולן", "TeurShita": "רשום", "GUSH": 12935, "MisparHelka": 29, "BaalutBefoal": "קק\"ל", "MatzavRishum": "רישום לאחר פרצלציה", "ShetachBaalutKKL": 788, "Shape__Area": null, "achuz_baalut_kkl": 100, "key": "12935-29-0", "achuz_baalut_kkl_lastMonth": null, "ShetachBaalutKKL_lastMonth": null, "Area_calc_lastMonth": null, "Area_calc": 0.0, "Areakkl_total_lastMonth": null, "Areakkl_total_current": 0.0, "Area_diff": 0.0, "mavat_name_current": null, "mavat_name_lastMonth": null, "mavat_changed": true, "score_diff": null, "type_status": "added" }, "geometry": { "type": "Polygon", "coordinates": [ ] } },
{ "type": "Feature", "properties": { "HelkaMerhav": "צפון והגולן", "TeurShita": "רשום", "GUSH": 12935, "MisparHelka": 31, "BaalutBefoal": "קק\"ל", "MatzavRishum": "רישום לאחר פרצלציה", "ShetachBaalutKKL": 703, "Shape__Area": null, "achuz_baalut_kkl": 100, "key": "12935-31-0", "achuz_baalut_kkl_lastMonth": null, "ShetachBaalutKKL_lastMonth": null, "Area_calc_lastMonth": null, "Area_calc": 0.0, "Areakkl_total_lastMonth": null, "Areakkl_total_current": 0.0, "Area_diff": 0.0, "mavat_name_current": null, "mavat_name_lastMonth": null, "mavat_changed": true, "score_diff": null, "type_status": "added" }, "geometry": { "type": "Polygon", "coordinates": [ ] } },
{ "type": "Feature", "properties": { "HelkaMerhav": "צפון והגולן", "TeurShita": "רשום", "GUSH": 12935, "MisparHelka": 32, "BaalutBefoal": "קק\"ל", "MatzavRishum": "רישום לאחר פרצלציה", "ShetachBaalutKKL": 675, "Shape__Area": null, "achuz_baalut_kkl": 100, "key": "12935-32-0", "achuz_baalut_kkl_lastMonth": null, "ShetachBaalutKKL_lastMonth": null, "Area_calc_lastMonth": null, "Area_calc": 0.0, "Areakkl_total_lastMonth": null, "Areakkl_total_current": 0.0, "Area_diff": 0.0, "mavat_name_current": null, "mavat_name_lastMonth": null, "mavat_changed": true, "score_diff": null, "type_status": "added" }, "geometry": { "type": "Polygon", "coordinates": [ ] } },
{ "type": "Feature", "properties": { "HelkaMerhav": "צפון והגולן", "TeurShita": "רשום", "GUSH": 12935, "MisparHelka": 33, "BaalutBefoal": "קק\"ל", "MatzavRishum": "רישום לאחר פרצלציה", "ShetachBaalutKKL": 675, "Shape__Area": null, "achuz_baalut_kkl": 100, "key": "12935-33-0", "achuz_baalut_kkl_lastMonth": null, "ShetachBaalutKKL_lastMonth": null, "Area_calc_lastMonth": null, "Area_calc": 0.0, "Areakkl_total_lastMonth": null, "Areakkl_total_current": 0.0, "Area_diff": 0.0, "mavat_name_current": null, "mavat_name_lastMonth": null, "mavat_changed": true, "score_diff": null, "type_status": "added" }, "geometry": { "type": "Polygon", "coordinates": [ ] } },
{ "type": "Feature", "properties": { "HelkaMerhav": "צפון והגולן", "TeurShita": "רשום", "GUSH": 12935, "MisparHelka": 34, "BaalutBefoal": "קק\"ל", "MatzavRishum": "רישום לאחר פרצלציה", "ShetachBaalutKKL": 675, "Shape__Area": null, "achuz_baalut_kkl": 100, "key": "12935-34-0", "achuz_baalut_kkl_lastMonth": null, "ShetachBaalutKKL_lastMonth": null, "Area_calc_lastMonth": null, "Area_calc": 0.0, "Areakkl_total_lastMonth": null, "Areakkl_total_current": 0.0, "Area_diff": 0.0, "mavat_name_current": null, "mavat_name_lastMonth": null, "mavat_changed": true, "score_diff": null, "type_status": "added" }, "geometry": { "type": "Polygon", "coordinates": [ ] } },
{ "type": "Feature", "properties": { "HelkaMerhav": "צפון והגולן", "TeurShita": "רשום", "GUSH": 12935, "MisparHelka": 35, "BaalutBefoal": "קק\"ל", "MatzavRishum": "רישום לאחר פרצלציה", "ShetachBaalutKKL": 675, "Shape__Area": null, "achuz_baalut_kkl": 100, "key": "12935-35-0", "achuz_baalut_kkl_lastMonth": null, "ShetachBaalutKKL_lastMonth": null, "Area_calc_lastMonth": null, "Area_calc": 0.0, "Areakkl_total_lastMonth": null, "Areakkl_total_current": 0.0, "Area_diff": 0.0, "mavat_name_current": null, "mavat_name_lastMonth": null, "mavat_changed": true, "score_diff": null, "type_status": "added" }, "geometry": { "type": "Polygon", "coordinates": [ ] } },
{ "type": "Feature", "properties": { "HelkaMerhav": "צפון והגולן", "TeurShita": "רשום", "GUSH": 12935, "MisparHelka": 36, "BaalutBefoal": "קק\"ל", "MatzavRishum": "רישום לאחר פרצלציה", "ShetachBaalutKKL": 675, "Shape__Area": null, "achuz_baalut_kkl": 100, "key": "12935-36-0", "achuz_baalut_kkl_lastMonth": null, "ShetachBaalutKKL_lastMonth": null, "Area_calc_lastMonth": null, "Area_calc": 0.0, "Areakkl_total_lastMonth": null, "Areakkl_total_current": 0.0, "Area_diff": 0.0, "mavat_name_current": null, "mavat_name_lastMonth": null, "mavat_changed": true, "score_diff": null, "type_status": "added" }, "geometry": { "type": "Polygon", "coordinates": [ ] } },
{ "type": "Feature", "properties": { "HelkaMerhav": "צפון והגולן", "TeurShita": "רשום", "GUSH": 12935, "MisparHelka": 37, "BaalutBefoal": "קק\"ל", "MatzavRishum": "רישום לאחר פרצלציה", "ShetachBaalutKKL": 719, "Shape__Area": null, "achuz_baalut_kkl": 100, "key": "12935-37-0", "achuz_baalut_kkl_lastMonth": null, "ShetachBaalutKKL_lastMonth": null, "Area_calc_lastMonth": null, "Area_calc": 0.0, "Areakkl_total_lastMonth": null, "Areakkl_total_current": 0.0, "Area_diff": 0.0, "mavat_name_current": null, "mavat_name_lastMonth": null, "mavat_changed": true, "score_diff": null, "type_status": "added" }, "geometry": { "type": "Polygon", "coordinates": [ ] } },
{ "type": "Feature", "properties": { "HelkaMerhav": "צפון והגולן", "TeurShita": "רשום", "GUSH": 12935, "MisparHelka": 39, "BaalutBefoal": "קק\"ל", "MatzavRishum": "רישום לאחר פרצלציה", "ShetachBaalutKKL": 506, "Shape__Area": null, "achuz_baalut_kkl": 100, "key": "12935-39-0", "achuz_baalut_kkl_lastMonth": null, "ShetachBaalutKKL_lastMonth": null, "Area_calc_lastMonth": null, "Area_calc": 0.0, "Areakkl_total_lastMonth": null, "Areakkl_total_current": 0.0, "Area_diff": 0.0, "mavat_name_current": null, "mavat_name_lastMonth": null, "mavat_changed": true, "score_diff": null, "type_status": "added" }, "geometry": { "type": "Polygon", "coordinates": [ ] } },
{ "type": "Feature", "properties": { "HelkaMerhav": "צפון והגולן", "TeurShita": "רשום", "GUSH": 12935, "MisparHelka": 40, "BaalutBefoal": "קק\"ל", "MatzavRishum": "רישום לאחר פרצלציה", "ShetachBaalutKKL": 506, "Shape__Area": null, "achuz_baalut_kkl": 100, "key": "12935-40-0", "achuz_baalut_kkl_lastMonth": null, "ShetachBaalutKKL_lastMonth": null, "Area_calc_lastMonth": null, "Area_calc": 0.0, "Areakkl_total_lastMonth": null, "Areakkl_total_current": 0.0, "Area_diff": 0.0, "mavat_name_current": null, "mavat_name_lastMonth": null, "mavat_changed": true, "score_diff": null, "type_status": "added" }, "geometry": { "type": "Polygon", "coordinates": [ ] } },
{ "type": "Feature", "properties": { "HelkaMerhav": "צפון והגולן", "TeurShita": "רשום", "GUSH": 12935, "MisparHelka": 41, "BaalutBefoal": "קק\"ל", "MatzavRishum": "רישום לאחר פרצלציה", "ShetachBaalutKKL": 632, "Shape__Area": null, "achuz_baalut_kkl": 100, "key": "12935-41-0", "achuz_baalut_kkl_lastMonth": null, "ShetachBaalutKKL_lastMonth": null, "Area_calc_lastMonth": null, "Area_calc": 0.0, "Areakkl_total_lastMonth": null, "Areakkl_total_current": 0.0, "Area_diff": 0.0, "mavat_name_current": null, "mavat_name_lastMonth": null, "mavat_changed": true, "score_diff": null, "type_status": "added" }, "geometry": { "type": "Polygon", "coordinates": [ ] } },
{ "type": "Feature", "properties": { "HelkaMerhav": "צפון והגולן", "TeurShita": "רשום", "GUSH": 12935, "MisparHelka": 43, "BaalutBefoal": "קק\"ל", "MatzavRishum": "רישום לאחר פרצלציה", "ShetachBaalutKKL": 632, "Shape__Area": null, "achuz_baalut_kkl": 100, "key": "12935-43-0", "achuz_baalut_kkl_lastMonth": null, "ShetachBaalutKKL_lastMonth": null, "Area_calc_lastMonth": null, "Area_calc": 0.0, "Areakkl_total_lastMonth": null, "Areakkl_total_current": 0.0, "Area_diff": 0.0, "mavat_name_current": null, "mavat_name_lastMonth": null, "mavat_changed": true, "score_diff": null, "type_status": "added" }, "geometry": { "type": "Polygon", "coordinates": [ ] } },
{ "type": "Feature", "properties": { "HelkaMerhav": "צפון והגולן", "TeurShita": "רשום", "GUSH": 12935, "MisparHelka": 44, "BaalutBefoal": "קק\"ל", "MatzavRishum": "רישום לאחר פרצלציה", "ShetachBaalutKKL": 506, "Shape__Area": null, "achuz_baalut_kkl": 100, "key": "12935-44-0", "achuz_baalut_kkl_lastMonth": null, "ShetachBaalutKKL_lastMonth": null, "Area_calc_lastMonth": null, "Area_calc": 0.0, "Areakkl_total_lastMonth": null, "Areakkl_total_current": 0.0, "Area_diff": 0.0, "mavat_name_current": null, "mavat_name_lastMonth": null, "mavat_changed": true, "score_diff": null, "type_status": "added" }, "geometry": { "type": "Polygon", "coordinates": [ ] } },
{ "type": "Feature", "properties": { "HelkaMerhav": "צפון והגולן", "TeurShita": "רשום", "GUSH": 12935, "MisparHelka": 45, "BaalutBefoal": "קק\"ל", "MatzavRishum": "רישום לאחר פרצלציה", "ShetachBaalutKKL": 506, "Shape__Area": null, "achuz_baalut_kkl": 100, "key": "12935-45-0", "achuz_baalut_kkl_lastMonth": null, "ShetachBaalutKKL_lastMonth": null, "Area_calc_lastMonth": null, "Area_calc": 0.0, "Areakkl_total_lastMonth": null, "Areakkl_total_current": 0.0, "Area_diff": 0.0, "mavat_name_current": null, "mavat_name_lastMonth": null, "mavat_changed": true, "score_diff": null, "type_status": "added" }, "geometry": { "type": "Polygon", "coordinates": [ ] } },
{ "type": "Feature", "properties": { "HelkaMerhav": "צפון והגולן", "TeurShita": "רשום", "GUSH": 12935, "MisparHelka": 46, "BaalutBefoal": "קק\"ל", "MatzavRishum": "רישום לאחר פרצלציה", "ShetachBaalutKKL": 509, "Shape__Area": null, "achuz_baalut_kkl": 100, "key": "12935-46-0", "achuz_baalut_kkl_lastMonth": null, "ShetachBaalutKKL_lastMonth": null, "Area_calc_lastMonth": null, "Area_calc": 0.0, "Areakkl_total_lastMonth": null, "Areakkl_total_current": 0.0, "Area_diff": 0.0, "mavat_name_current": null, "mavat_name_lastMonth": null, "mavat_changed": true, "score_diff": null, "type_status": "added" }, "geometry": { "type": "Polygon", "coordinates": [ ] } },
{ "type": "Feature", "properties": { "HelkaMerhav": "צפון והגולן", "TeurShita": "רשום", "GUSH": 12936, "MisparHelka": 10, "BaalutBefoal": "קק\"ל", "MatzavRishum": "רישום לאחר פרצלציה", "ShetachBaalutKKL": 714, "Shape__Area": null, "achuz_baalut_kkl": 100, "key": "12936-10-0", "achuz_baalut_kkl_lastMonth": null, "ShetachBaalutKKL_lastMonth": null, "Area_calc_lastMonth": null, "Area_calc": 0.0, "Areakkl_total_lastMonth": null, "Areakkl_total_current": 0.0, "Area_diff": 0.0, "mavat_name_current": null, "mavat_name_lastMonth": null, "mavat_changed": true, "score_diff": null, "type_status": "added" }, "geometry": { "type": "Polygon", "coordinates": [ ] } },
{ "type": "Feature", "properties": { "HelkaMerhav": "צפון והגולן", "TeurShita": "רשום", "GUSH": 12936, "MisparHelka": 11, "BaalutBefoal": "קק\"ל", "MatzavRishum": "רישום לאחר פרצלציה", "ShetachBaalutKKL": 594, "Shape__Area": null, "achuz_baalut_kkl": 100, "key": "12936-11-0", "achuz_baalut_kkl_lastMonth": null, "ShetachBaalutKKL_lastMonth": null, "Area_calc_lastMonth": null, "Area_calc": 0.0, "Areakkl_total_lastMonth": null, "Areakkl_total_current": 0.0, "Area_diff": 0.0, "mavat_name_current": null, "mavat_name_lastMonth": null, "mavat_changed": true, "score_diff": null, "type_status": "added" }, "geometry": { "type": "Polygon", "coordinates": [ ] } },
{ "type": "Feature", "properties": { "HelkaMerhav": "צפון והגולן", "TeurShita": "רשום", "GUSH": 12936, "MisparHelka": 12, "BaalutBefoal": "קק\"ל", "MatzavRishum": "רישום לאחר פרצלציה", "ShetachBaalutKKL": 592, "Shape__Area": null, "achuz_baalut_kkl": 100, "key": "12936-12-0", "achuz_baalut_kkl_lastMonth": null, "ShetachBaalutKKL_lastMonth": null, "Area_calc_lastMonth": null, "Area_calc": 0.0, "Areakkl_total_lastMonth": null, "Areakkl_total_current": 0.0, "Area_diff": 0.0, "mavat_name_current": null, "mavat_name_lastMonth": null, "mavat_changed": true, "score_diff": null, "type_status": "added" }, "geometry": { "type": "Polygon", "coordinates": [ ] } },
{ "type": "Feature", "properties": { "HelkaMerhav": "צפון והגולן", "TeurShita": "רשום", "GUSH": 12936, "MisparHelka": 13, "BaalutBefoal": "קק\"ל", "MatzavRishum": "רישום לאחר פרצלציה", "ShetachBaalutKKL": 539, "Shape__Area": null, "achuz_baalut_kkl": 100, "key": "12936-13-0", "achuz_baalut_kkl_lastMonth": null, "ShetachBaalutKKL_lastMonth": null, "Area_calc_lastMonth": null, "Area_calc": 0.0, "Areakkl_total_lastMonth": null, "Areakkl_total_current": 0.0, "Area_diff": 0.0, "mavat_name_current": null, "mavat_name_lastMonth": null, "mavat_changed": true, "score_diff": null, "type_status": "added" }, "geometry": { "type": "Polygon", "coordinates": [ ] } },
{ "type": "Feature", "properties": { "HelkaMerhav": "צפון והגולן", "TeurShita": "רשום", "GUSH": 12936, "MisparHelka": 14, "BaalutBefoal": "קק\"ל", "MatzavRishum": "רישום לאחר פרצלציה", "ShetachBaalutKKL": 536, "Shape__Area": null, "achuz_baalut_kkl": 100, "key": "12936-14-0", "achuz_baalut_kkl_lastMonth": null, "ShetachBaalutKKL_lastMonth": null, "Area_calc_lastMonth": null, "Area_calc": 0.0, "Areakkl_total_lastMonth": null, "Areakkl_total_current": 0.0, "Area_diff": 0.0, "mavat_name_current": null, "mavat_name_lastMonth": null, "mavat_changed": true, "score_diff": null, "type_status": "added" }, "geometry": { "type": "Polygon", "coordinates": [ ] } },
{ "type": "Feature", "properties": { "HelkaMerhav": "צפון והגולן", "TeurShita": "רשום", "GUSH": 12936, "MisparHelka": 15, "BaalutBefoal": "קק\"ל", "MatzavRishum": "רישום לאחר פרצלציה", "ShetachBaalutKKL": 520, "Shape__Area": null, "achuz_baalut_kkl": 100, "key": "12936-15-0", "achuz_baalut_kkl_lastMonth": null, "ShetachBaalutKKL_lastMonth": null, "Area_calc_lastMonth": null, "Area_calc": 0.0, "Areakkl_total_lastMonth": null, "Areakkl_total_current": 0.0, "Area_diff": 0.0, "mavat_name_current": null, "mavat_name_lastMonth": null, "mavat_changed": true, "score_diff": null, "type_status": "added" }, "geometry": { "type": "Polygon", "coordinates": [ ] } },
{ "type": "Feature", "properties": { "HelkaMerhav": "צפון והגולן", "TeurShita": "רשום", "GUSH": 12936, "MisparHelka": 16, "BaalutBefoal": "קק\"ל", "MatzavRishum": "רישום לאחר פרצלציה", "ShetachBaalutKKL": 540, "Shape__Area": null, "achuz_baalut_kkl": 100, "key": "12936-16-0", "achuz_baalut_kkl_lastMonth": null, "ShetachBaalutKKL_lastMonth": null, "Area_calc_lastMonth": null, "Area_calc": 0.0, "Areakkl_total_lastMonth": null, "Areakkl_total_current": 0.0, "Area_diff": 0.0, "mavat_name_current": null, "mavat_name_lastMonth": null, "mavat_changed": true, "score_diff": null, "type_status": "added" }, "geometry": { "type": "Polygon", "coordinates": [ ] } },
{ "type": "Feature", "properties": { "HelkaMerhav": "צפון והגולן", "TeurShita": "רשום", "GUSH": 12936, "MisparHelka": 17, "BaalutBefoal": "קק\"ל", "MatzavRishum": "רישום לאחר פרצלציה", "ShetachBaalutKKL": 540, "Shape__Area": null, "achuz_baalut_kkl": 100, "key": "12936-17-0", "achuz_baalut_kkl_lastMonth": null, "ShetachBaalutKKL_lastMonth": null, "Area_calc_lastMonth": null, "Area_calc": 0.0, "Areakkl_total_lastMonth": null, "Areakkl_total_current": 0.0, "Area_diff": 0.0, "mavat_name_current": null, "mavat_name_lastMonth": null, "mavat_changed": true, "score_diff": null, "type_status": "added" }, "geometry": { "type": "Polygon", "coordinates": [ ] } },
{ "type": "Feature", "properties": { "HelkaMerhav": "צפון והגולן", "TeurShita": "רשום", "GUSH": 12936, "MisparHelka": 18, "BaalutBefoal": "קק\"ל", "MatzavRishum": "רישום לאחר פרצלציה", "ShetachBaalutKKL": 640, "Shape__Area": null, "achuz_baalut_kkl": 100, "key": "12936-18-0", "achuz_baalut_kkl_lastMonth": null, "ShetachBaalutKKL_lastMonth": null, "Area_calc_lastMonth": null, "Area_calc": 0.0, "Areakkl_total_lastMonth": null, "Areakkl_total_current": 0.0, "Area_diff": 0.0, "mavat_name_current": null, "mavat_name_lastMonth": null, "mavat_changed": true, "score_diff": null, "type_status": "added" }, "geometry": { "type": "Polygon", "coordinates": [ ] } },
{ "type": "Feature", "properties": { "HelkaMerhav": "צפון והגולן", "TeurShita": "רשום", "GUSH": 12936, "MisparHelka": 19, "BaalutBefoal": "קק\"ל", "MatzavRishum": "רישום לאחר פרצלציה", "ShetachBaalutKKL": 555, "Shape__Area": null, "achuz_baalut_kkl": 100, "key": "12936-19-0", "achuz_baalut_kkl_lastMonth": null, "ShetachBaalutKKL_lastMonth": null, "Area_calc_lastMonth": null, "Area_calc": 0.0, "Areakkl_total_lastMonth": null, "Areakkl_total_current": 0.0, "Area_diff": 0.0, "mavat_name_current": null, "mavat_name_lastMonth": null, "mavat_changed": true, "score_diff": null, "type_status": "added" }, "geometry": { "type": "Polygon", "coordinates": [ ] } },
{ "type": "Feature", "properties": { "HelkaMerhav": "צפון והגולן", "TeurShita": "רשום", "GUSH": 12936, "MisparHelka": 20, "BaalutBefoal": "קק\"ל", "MatzavRishum": "רישום לאחר פרצלציה", "ShetachBaalutKKL": 504, "Shape__Area": null, "achuz_baalut_kkl": 100, "key": "12936-20-0", "achuz_baalut_kkl_lastMonth": null, "ShetachBaalutKKL_lastMonth": null, "Area_calc_lastMonth": null, "Area_calc": 0.0, "Areakkl_total_lastMonth": null, "Areakkl_total_current": 0.0, "Area_diff": 0.0, "mavat_name_current": null, "mavat_name_lastMonth": null, "mavat_changed": true, "score_diff": null, "type_status": "added" }, "geometry": { "type": "Polygon", "coordinates": [ ] } },
{ "type": "Feature", "properties": { "HelkaMerhav": "צפון והגולן", "TeurShita": "רשום", "GUSH": 12936, "MisparHelka": 22, "BaalutBefoal": "קק\"ל", "MatzavRishum": "רישום לאחר פרצלציה", "ShetachBaalutKKL": 506, "Shape__Area": null, "achuz_baalut_kkl": 100, "key": "12936-22-0", "achuz_baalut_kkl_lastMonth": null, "ShetachBaalutKKL_lastMonth": null, "Area_calc_lastMonth": null, "Area_calc": 0.0, "Areakkl_total_lastMonth": null, "Areakkl_total_current": 0.0, "Area_diff": 0.0, "mavat_name_current": null, "mavat_name_lastMonth": null, "mavat_changed": true, "score_diff": null, "type_status": "added" }, "geometry": { "type": "Polygon", "coordinates": [ ] } },
{ "type": "Feature", "properties": { "HelkaMerhav": "צפון והגולן", "TeurShita": "רשום", "GUSH": 12936, "MisparHelka": 23, "BaalutBefoal": "קק\"ל", "MatzavRishum": "רישום לאחר פרצלציה", "ShetachBaalutKKL": 506, "Shape__Area": null, "achuz_baalut_kkl": 100, "key": "12936-23-0", "achuz_baalut_kkl_lastMonth": null, "ShetachBaalutKKL_lastMonth": null, "Area_calc_lastMonth": null, "Area_calc": 0.0, "Areakkl_total_lastMonth": null, "Areakkl_total_current": 0.0, "Area_diff": 0.0, "mavat_name_current": null, "mavat_name_lastMonth": null, "mavat_changed": true, "score_diff": null, "type_status": "added" }, "geometry": { "type": "Polygon", "coordinates": [ ] } },
{ "type": "Feature", "properties": { "HelkaMerhav": "צפון והגולן", "TeurShita": "רשום", "GUSH": 12936, "MisparHelka": 25, "BaalutBefoal": "קק\"ל", "MatzavRishum": "רישום לאחר פרצלציה", "ShetachBaalutKKL": 527, "Shape__Area": null, "achuz_baalut_kkl": 100, "key": "12936-25-0", "achuz_baalut_kkl_lastMonth": null, "ShetachBaalutKKL_lastMonth": null, "Area_calc_lastMonth": null, "Area_calc": 0.0, "Areakkl_total_lastMonth": null, "Areakkl_total_current": 0.0, "Area_diff": 0.0, "mavat_name_current": null, "mavat_name_lastMonth": null, "mavat_changed": true, "score_diff": null, "type_status": "added" }, "geometry": { "type": "Polygon", "coordinates": [ ] } },
{ "type": "Feature", "properties": { "HelkaMerhav": "צפון והגולן", "TeurShita": "רשום", "GUSH": 12936, "MisparHelka": 26, "BaalutBefoal": "קק\"ל", "MatzavRishum": "רישום לאחר פרצלציה", "ShetachBaalutKKL": 528, "Shape__Area": null, "achuz_baalut_kkl": 100, "key": "12936-26-0", "achuz_baalut_kkl_lastMonth": null, "ShetachBaalutKKL_lastMonth": null, "Area_calc_lastMonth": null, "Area_calc": 0.0, "Areakkl_total_lastMonth": null, "Areakkl_total_current": 0.0, "Area_diff": 0.0, "mavat_name_current": null, "mavat_name_lastMonth": null, "mavat_changed": true, "score_diff": null, "type_status": "added" }, "geometry": { "type": "Polygon", "coordinates": [ ] } },
{ "type": "Feature", "properties": { "HelkaMerhav": "צפון והגולן", "TeurShita": "רשום", "GUSH": 12936, "MisparHelka": 27, "BaalutBefoal": "קק\"ל", "MatzavRishum": "רישום לאחר פרצלציה", "ShetachBaalutKKL": 552, "Shape__Area": null, "achuz_baalut_kkl": 100, "key": "12936-27-0", "achuz_baalut_kkl_lastMonth": null, "ShetachBaalutKKL_lastMonth": null, "Area_calc_lastMonth": null, "Area_calc": 0.0, "Areakkl_total_lastMonth": null, "Areakkl_total_current": 0.0, "Area_diff": 0.0, "mavat_name_current": null, "mavat_name_lastMonth": null, "mavat_changed": true, "score_diff": null, "type_status": "added" }, "geometry": { "type": "Polygon", "coordinates": [ ] } },
{ "type": "Feature", "properties": { "HelkaMerhav": "צפון והגולן", "TeurShita": "רשום", "GUSH": 12936, "MisparHelka": 28, "BaalutBefoal": "קק\"ל", "MatzavRishum": "רישום לאחר פרצלציה", "ShetachBaalutKKL": 537, "Shape__Area": null, "achuz_baalut_kkl": 100, "key": "12936-28-0", "achuz_baalut_kkl_lastMonth": null, "ShetachBaalutKKL_lastMonth": null, "Area_calc_lastMonth": null, "Area_calc": 0.0, "Areakkl_total_lastMonth": null, "Areakkl_total_current": 0.0, "Area_diff": 0.0, "mavat_name_current": null, "mavat_name_lastMonth": null, "mavat_changed": true, "score_diff": null, "type_status": "added" }, "geometry": { "type": "Polygon", "coordinates": [ ] } },
{ "type": "Feature", "properties": { "HelkaMerhav": "צפון והגולן", "TeurShita": "רשום", "GUSH": 12936, "MisparHelka": 30, "BaalutBefoal": "קק\"ל", "MatzavRishum": "רישום לאחר פרצלציה", "ShetachBaalutKKL": 517, "Shape__Area": null, "achuz_baalut_kkl": 100, "key": "12936-30-0", "achuz_baalut_kkl_lastMonth": null, "ShetachBaalutKKL_lastMonth": null, "Area_calc_lastMonth": null, "Area_calc": 0.0, "Areakkl_total_lastMonth": null, "Areakkl_total_current": 0.0, "Area_diff": 0.0, "mavat_name_current": null, "mavat_name_lastMonth": null, "mavat_changed": true, "score_diff": null, "type_status": "added" }, "geometry": { "type": "Polygon", "coordinates": [ ] } },
{ "type": "Feature", "properties": { "HelkaMerhav": "צפון והגולן", "TeurShita": "רשום", "GUSH": 12936, "MisparHelka": 31, "BaalutBefoal": "קק\"ל", "MatzavRishum": "רישום לאחר פרצלציה", "ShetachBaalutKKL": 508, "Shape__Area": null, "achuz_baalut_kkl": 100, "key": "12936-31-0", "achuz_baalut_kkl_lastMonth": null, "ShetachBaalutKKL_lastMonth": null, "Area_calc_lastMonth": null, "Area_calc": 0.0, "Areakkl_total_lastMonth": null, "Areakkl_total_current": 0.0, "Area_diff": 0.0, "mavat_name_current": null, "mavat_name_lastMonth": null, "mavat_changed": true, "score_diff": null, "type_status": "added" }, "geometry": { "type": "Polygon", "coordinates": [ ] } },
{ "type": "Feature", "properties": { "HelkaMerhav": "צפון והגולן", "TeurShita": "רשום", "GUSH": 12936, "MisparHelka": 32, "BaalutBefoal": "קק\"ל", "MatzavRishum": "רישום לאחר פרצלציה", "ShetachBaalutKKL": 510, "Shape__Area": null, "achuz_baalut_kkl": 100, "key": "12936-32-0", "achuz_baalut_kkl_lastMonth": null, "ShetachBaalutKKL_lastMonth": null, "Area_calc_lastMonth": null, "Area_calc": 0.0, "Areakkl_total_lastMonth": null, "Areakkl_total_current": 0.0, "Area_diff": 0.0, "mavat_name_current": null, "mavat_name_lastMonth": null, "mavat_changed": true, "score_diff": null, "type_status": "added" }, "geometry": { "type": "Polygon", "coordinates": [ ] } },
{ "type": "Feature", "properties": { "HelkaMerhav": "צפון והגולן", "TeurShita": "רשום", "GUSH": 12936, "MisparHelka": 34, "BaalutBefoal": "קק\"ל", "MatzavRishum": "רישום לאחר פרצלציה", "ShetachBaalutKKL": 512, "Shape__Area": null, "achuz_baalut_kkl": 100, "key": "12936-34-0", "achuz_baalut_kkl_lastMonth": null, "ShetachBaalutKKL_lastMonth": null, "Area_calc_lastMonth": null, "Area_calc": 0.0, "Areakkl_total_lastMonth": null, "Areakkl_total_current": 0.0, "Area_diff": 0.0, "mavat_name_current": null, "mavat_name_lastMonth": null, "mavat_changed": true, "score_diff": null, "type_status": "added" }, "geometry": { "type": "Polygon", "coordinates": [ ] } },
{ "type": "Feature", "properties": { "HelkaMerhav": "צפון והגולן", "TeurShita": "רשום", "GUSH": 12936, "MisparHelka": 35, "BaalutBefoal": "קק\"ל", "MatzavRishum": "רישום לאחר פרצלציה", "ShetachBaalutKKL": 514, "Shape__Area": null, "achuz_baalut_kkl": 100, "key": "12936-35-0", "achuz_baalut_kkl_lastMonth": null, "ShetachBaalutKKL_lastMonth": null, "Area_calc_lastMonth": null, "Area_calc": 0.0, "Areakkl_total_lastMonth": null, "Areakkl_total_current": 0.0, "Area_diff": 0.0, "mavat_name_current": null, "mavat_name_lastMonth": null, "mavat_changed": true, "score_diff": null, "type_status": "added" }, "geometry": { "type": "Polygon", "coordinates": [ ] } },
{ "type": "Feature", "properties": { "HelkaMerhav": "צפון והגולן", "TeurShita": "רשום", "GUSH": 12936, "MisparHelka": 37, "BaalutBefoal": "קק\"ל", "MatzavRishum": "רישום לאחר פרצלציה", "ShetachBaalutKKL": 519, "Shape__Area": null, "achuz_baalut_kkl": 100, "key": "12936-37-0", "achuz_baalut_kkl_lastMonth": null, "ShetachBaalutKKL_lastMonth": null, "Area_calc_lastMonth": null, "Area_calc": 0.0, "Areakkl_total_lastMonth": null, "Areakkl_total_current": 0.0, "Area_diff": 0.0, "mavat_name_current": null, "mavat_name_lastMonth": null, "mavat_changed": true, "score_diff": null, "type_status": "added" }, "geometry": { "type": "Polygon", "coordinates": [ ] } },
{ "type": "Feature", "properties": { "HelkaMerhav": "צפון והגולן", "TeurShita": "רשום", "GUSH": 12936, "MisparHelka": 38, "BaalutBefoal": "קק\"ל", "MatzavRishum": "רישום לאחר פרצלציה", "ShetachBaalutKKL": 521, "Shape__Area": null, "achuz_baalut_kkl": 100, "key": "12936-38-0", "achuz_baalut_kkl_lastMonth": null, "ShetachBaalutKKL_lastMonth": null, "Area_calc_lastMonth": null, "Area_calc": 0.0, "Areakkl_total_lastMonth": null, "Areakkl_total_current": 0.0, "Area_diff": 0.0, "mavat_name_current": null, "mavat_name_lastMonth": null, "mavat_changed": true, "score_diff": null, "type_status": "added" }, "geometry": { "type": "Polygon", "coordinates": [ ] } },
{ "type": "Feature", "properties": { "HelkaMerhav": "צפון והגולן", "TeurShita": "רשום", "GUSH": 12936, "MisparHelka": 39, "BaalutBefoal": "קק\"ל", "MatzavRishum": "רישום לאחר פרצלציה", "ShetachBaalutKKL": 551, "Shape__Area": null, "achuz_baalut_kkl": 100, "key": "12936-39-0", "achuz_baalut_kkl_lastMonth": null, "ShetachBaalutKKL_lastMonth": null, "Area_calc_lastMonth": null, "Area_calc": 0.0, "Areakkl_total_lastMonth": null, "Areakkl_total_current": 0.0, "Area_diff": 0.0, "mavat_name_current": null, "mavat_name_lastMonth": null, "mavat_changed": true, "score_diff": null, "type_status": "added" }, "geometry": { "type": "Polygon", "coordinates": [ ] } },
{ "type": "Feature", "properties": { "HelkaMerhav": "צפון והגולן", "TeurShita": "רשום", "GUSH": 12936, "MisparHelka": 41, "BaalutBefoal": "קק\"ל", "MatzavRishum": "רישום לאחר פרצלציה", "ShetachBaalutKKL": 535, "Shape__Area": null, "achuz_baalut_kkl": 100, "key": "12936-41-0", "achuz_baalut_kkl_lastMonth": null, "ShetachBaalutKKL_lastMonth": null, "Area_calc_lastMonth": null, "Area_calc": 0.0, "Areakkl_total_lastMonth": null, "Areakkl_total_current": 0.0, "Area_diff": 0.0, "mavat_name_current": null, "mavat_name_lastMonth": null, "mavat_changed": true, "score_diff": null, "type_status": "added" }, "geometry": { "type": "Polygon", "coordinates": [ ] } },
{ "type": "Feature", "properties": { "HelkaMerhav": "צפון והגולן", "TeurShita": "רשום", "GUSH": 12936, "MisparHelka": 42, "BaalutBefoal": "קק\"ל", "MatzavRishum": "רישום לאחר פרצלציה", "ShetachBaalutKKL": 532, "Shape__Area": null, "achuz_baalut_kkl": 100, "key": "12936-42-0", "achuz_baalut_kkl_lastMonth": null, "ShetachBaalutKKL_lastMonth": null, "Area_calc_lastMonth": null, "Area_calc": 0.0, "Areakkl_total_lastMonth": null, "Areakkl_total_current": 0.0, "Area_diff": 0.0, "mavat_name_current": null, "mavat_name_lastMonth": null, "mavat_changed": true, "score_diff": null, "type_status": "added" }, "geometry": { "type": "Polygon", "coordinates": [ ] } },
{ "type": "Feature", "properties": { "HelkaMerhav": "צפון והגולן", "TeurShita": "רשום", "GUSH": 12936, "MisparHelka": 43, "BaalutBefoal": "קק\"ל", "MatzavRishum": "רישום לאחר פרצלציה", "ShetachBaalutKKL": 575, "Shape__Area": null, "achuz_baalut_kkl": 100, "key": "12936-43-0", "achuz_baalut_kkl_lastMonth": null, "ShetachBaalutKKL_lastMonth": null, "Area_calc_lastMonth": null, "Area_calc": 0.0, "Areakkl_total_lastMonth": null, "Areakkl_total_current": 0.0, "Area_diff": 0.0, "mavat_name_current": null, "mavat_name_lastMonth": null, "mavat_changed": true, "score_diff": null, "type_status": "added" }, "geometry": { "type": "Polygon", "coordinates": [ ] } },
{ "type": "Feature", "properties": { "HelkaMerhav": "צפון והגולן", "TeurShita": "רשום", "GUSH": 12936, "MisparHelka": 45, "BaalutBefoal": "קק\"ל", "MatzavRishum": "רישום לאחר פרצלציה", "ShetachBaalutKKL": 582, "Shape__Area": null, "achuz_baalut_kkl": 100, "key": "12936-45-0", "achuz_baalut_kkl_lastMonth": null, "ShetachBaalutKKL_lastMonth": null, "Area_calc_lastMonth": null, "Area_calc": 0.0, "Areakkl_total_lastMonth": null, "Areakkl_total_current": 0.0, "Area_diff": 0.0, "mavat_name_current": null, "mavat_name_lastMonth": null, "mavat_changed": true, "score_diff": null, "type_status": "added" }, "geometry": { "type": "Polygon", "coordinates": [ ] } },
{ "type": "Feature", "properties": { "HelkaMerhav": "צפון והגולן", "TeurShita": "רשום", "GUSH": 12936, "MisparHelka": 46, "BaalutBefoal": "קק\"ל", "MatzavRishum": "רישום לאחר פרצלציה", "ShetachBaalutKKL": 512, "Shape__Area": null, "achuz_baalut_kkl": 100, "key": "12936-46-0", "achuz_baalut_kkl_lastMonth": null, "ShetachBaalutKKL_lastMonth": null, "Area_calc_lastMonth": null, "Area_calc": 0.0, "Areakkl_total_lastMonth": null, "Areakkl_total_current": 0.0, "Area_diff": 0.0, "mavat_name_current": null, "mavat_name_lastMonth": null, "mavat_changed": true, "score_diff": null, "type_status": "added" }, "geometry": { "type": "Polygon", "coordinates": [ ] } },
{ "type": "Feature", "properties": { "HelkaMerhav": "צפון והגולן", "TeurShita": "רשום", "GUSH": 12936, "MisparHelka": 47, "BaalutBefoal": "קק\"ל", "MatzavRishum": "רישום לאחר פרצלציה", "ShetachBaalutKKL": 580, "Shape__Area": null, "achuz_baalut_kkl": 100, "key": "12936-47-0", "achuz_baalut_kkl_lastMonth": null, "ShetachBaalutKKL_lastMonth": null, "Area_calc_lastMonth": null, "Area_calc": 0.0, "Areakkl_total_lastMonth": null, "Areakkl_total_current": 0.0, "Area_diff": 0.0, "mavat_name_current": null, "mavat_name_lastMonth": null, "mavat_changed": true, "score_diff": null, "type_status": "added" }, "geometry": { "type": "Polygon", "coordinates": [ ] } },
{ "type": "Feature", "properties": { "HelkaMerhav": "צפון והגולן", "TeurShita": "רשום", "GUSH": 12936, "MisparHelka": 48, "BaalutBefoal": "קק\"ל", "MatzavRishum": "רישום לאחר פרצלציה", "ShetachBaalutKKL": 572, "Shape__Area": null, "achuz_baalut_kkl": 100, "key": "12936-48-0", "achuz_baalut_kkl_lastMonth": null, "ShetachBaalutKKL_lastMonth": null, "Area_calc_lastMonth": null, "Area_calc": 0.0, "Areakkl_total_lastMonth": null, "Areakkl_total_current": 0.0, "Area_diff": 0.0, "mavat_name_current": null, "mavat_name_lastMonth": null, "mavat_changed": true, "score_diff": null, "type_status": "added" }, "geometry": { "type": "Polygon", "coordinates": [ ] } },
{ "type": "Feature", "properties": { "HelkaMerhav": "צפון והגולן", "TeurShita": "רשום", "GUSH": 12936, "MisparHelka": 49, "BaalutBefoal": "קק\"ל", "MatzavRishum": "רישום לאחר פרצלציה", "ShetachBaalutKKL": 599, "Shape__Area": null, "achuz_baalut_kkl": 100, "key": "12936-49-0", "achuz_baalut_kkl_lastMonth": null, "ShetachBaalutKKL_lastMonth": null, "Area_calc_lastMonth": null, "Area_calc": 0.0, "Areakkl_total_lastMonth": null, "Areakkl_total_current": 0.0, "Area_diff": 0.0, "mavat_name_current": null, "mavat_name_lastMonth": null, "mavat_changed": true, "score_diff": null, "type_status": "added" }, "geometry": { "type": "Polygon", "coordinates": [ ] } },
{ "type": "Feature", "properties": { "HelkaMerhav": "צפון והגולן", "TeurShita": "רשום", "GUSH": 12936, "MisparHelka": 5, "BaalutBefoal": "קק\"ל", "MatzavRishum": "רישום לאחר פרצלציה", "ShetachBaalutKKL": 571, "Shape__Area": null, "achuz_baalut_kkl": 100, "key": "12936-5-0", "achuz_baalut_kkl_lastMonth": null, "ShetachBaalutKKL_lastMonth": null, "Area_calc_lastMonth": null, "Area_calc": 0.0, "Areakkl_total_lastMonth": null, "Areakkl_total_current": 0.0, "Area_diff": 0.0, "mavat_name_current": null, "mavat_name_lastMonth": null, "mavat_changed": true, "score_diff": null, "type_status": "added" }, "geometry": { "type": "Polygon", "coordinates": [ ] } },
{ "type": "Feature", "properties": { "HelkaMerhav": "צפון והגולן", "TeurShita": "רשום", "GUSH": 12936, "MisparHelka": 51, "BaalutBefoal": "קק\"ל", "MatzavRishum": "רישום לאחר פרצלציה", "ShetachBaalutKKL": 507, "Shape__Area": null, "achuz_baalut_kkl": 100, "key": "12936-51-0", "achuz_baalut_kkl_lastMonth": null, "ShetachBaalutKKL_lastMonth": null, "Area_calc_lastMonth": null, "Area_calc": 0.0, "Areakkl_total_lastMonth": null, "Areakkl_total_current": 0.0, "Area_diff": 0.0, "mavat_name_current": null, "mavat_name_lastMonth": null, "mavat_changed": true, "score_diff": null, "type_status": "added" }, "geometry": { "type": "Polygon", "coordinates": [ ] } },
{ "type": "Feature", "properties": { "HelkaMerhav": "צפון והגולן", "TeurShita": "רשום", "GUSH": 12936, "MisparHelka": 55, "BaalutBefoal": "קק\"ל", "MatzavRishum": "רישום לאחר פרצלציה", "ShetachBaalutKKL": 596, "Shape__Area": null, "achuz_baalut_kkl": 100, "key": "12936-55-0", "achuz_baalut_kkl_lastMonth": null, "ShetachBaalutKKL_lastMonth": null, "Area_calc_lastMonth": null, "Area_calc": 0.0, "Areakkl_total_lastMonth": null, "Areakkl_total_current": 0.0, "Area_diff": 0.0, "mavat_name_current": null, "mavat_name_lastMonth": null, "mavat_changed": true, "score_diff": null, "type_status": "added" }, "geometry": { "type": "Polygon", "coordinates": [ ] } },
{ "type": "Feature", "properties": { "HelkaMerhav": "צפון והגולן", "TeurShita": "רשום", "GUSH": 12936, "MisparHelka": 56, "BaalutBefoal": "קק\"ל", "MatzavRishum": "רישום לאחר פרצלציה", "ShetachBaalutKKL": 536, "Shape__Area": null, "achuz_baalut_kkl": 100, "key": "12936-56-0", "achuz_baalut_kkl_lastMonth": null, "ShetachBaalutKKL_lastMonth": null, "Area_calc_lastMonth": null, "Area_calc": 0.0, "Areakkl_total_lastMonth": null, "Areakkl_total_current": 0.0, "Area_diff": 0.0, "mavat_name_current": null, "mavat_name_lastMonth": null, "mavat_changed": true, "score_diff": null, "type_status": "added" }, "geometry": { "type": "Polygon", "coordinates": [ ] } },
{ "type": "Feature", "properties": { "HelkaMerhav": "צפון והגולן", "TeurShita": "רשום", "GUSH": 12936, "MisparHelka": 57, "BaalutBefoal": "קק\"ל", "MatzavRishum": "רישום לאחר פרצלציה", "ShetachBaalutKKL": 541, "Shape__Area": null, "achuz_baalut_kkl": 100, "key": "12936-57-0", "achuz_baalut_kkl_lastMonth": null, "ShetachBaalutKKL_lastMonth": null, "Area_calc_lastMonth": null, "Area_calc": 0.0, "Areakkl_total_lastMonth": null, "Areakkl_total_current": 0.0, "Area_diff": 0.0, "mavat_name_current": null, "mavat_name_lastMonth": null, "mavat_changed": true, "score_diff": null, "type_status": "added" }, "geometry": { "type": "Polygon", "coordinates": [ ] } },
{ "type": "Feature", "properties": { "HelkaMerhav": "צפון והגולן", "TeurShita": "רשום", "GUSH": 12936, "MisparHelka": 58, "BaalutBefoal": "קק\"ל", "MatzavRishum": "רישום לאחר פרצלציה", "ShetachBaalutKKL": 550, "Shape__Area": null, "achuz_baalut_kkl": 100, "key": "12936-58-0", "achuz_baalut_kkl_lastMonth": null, "ShetachBaalutKKL_lastMonth": null, "Area_calc_lastMonth": null, "Area_calc": 0.0, "Areakkl_total_lastMonth": null, "Areakkl_total_current": 0.0, "Area_diff": 0.0, "mavat_name_current": null, "mavat_name_lastMonth": null, "mavat_changed": true, "score_diff": null, "type_status": "added" }, "geometry": { "type": "Polygon", "coordinates": [ ] } },
{ "type": "Feature", "properties": { "HelkaMerhav": "צפון והגולן", "TeurShita": "רשום", "GUSH": 12936, "MisparHelka": 7, "BaalutBefoal": "קק\"ל", "MatzavRishum": "רישום לאחר פרצלציה", "ShetachBaalutKKL": 506, "Shape__Area": null, "achuz_baalut_kkl": 100, "key": "12936-7-0", "achuz_baalut_kkl_lastMonth": null, "ShetachBaalutKKL_lastMonth": null, "Area_calc_lastMonth": null, "Area_calc": 0.0, "Areakkl_total_lastMonth": null, "Areakkl_total_current": 0.0, "Area_diff": 0.0, "mavat_name_current": null, "mavat_name_lastMonth": null, "mavat_changed": true, "score_diff": null, "type_status": "added" }, "geometry": { "type": "Polygon", "coordinates": [ ] } },
{ "type": "Feature", "properties": { "HelkaMerhav": "צפון והגולן", "TeurShita": "רשום", "GUSH": 12936, "MisparHelka": 8, "BaalutBefoal": "קק\"ל", "MatzavRishum": "רישום לאחר פרצלציה", "ShetachBaalutKKL": 550, "Shape__Area": null, "achuz_baalut_kkl": 100, "key": "12936-8-0", "achuz_baalut_kkl_lastMonth": null, "ShetachBaalutKKL_lastMonth": null, "Area_calc_lastMonth": null, "Area_calc": 0.0, "Areakkl_total_lastMonth": null, "Areakkl_total_current": 0.0, "Area_diff": 0.0, "mavat_name_current": null, "mavat_name_lastMonth": null, "mavat_changed": true, "score_diff": null, "type_status": "added" }, "geometry": { "type": "Polygon", "coordinates": [ ] } },
{ "type": "Feature", "properties": { "HelkaMerhav": "צפון והגולן", "TeurShita": "רשום", "GUSH": 18538, "MisparHelka": 99, "BaalutBefoal": "קק\"ל, שלטון", "MatzavRishum": "רישום לאחר פרצלציה", "ShetachBaalutKKL": 128, "Shape__Area": null, "achuz_baalut_kkl": 1, "key": "18538-99-0", "achuz_baalut_kkl_lastMonth": null, "ShetachBaalutKKL_lastMonth": null, "Area_calc_lastMonth": null, "Area_calc": 0.0, "Areakkl_total_lastMonth": null, "Areakkl_total_current": 0.0, "Area_diff": 0.0, "mavat_name_current": null, "mavat_name_lastMonth": null, "mavat_changed": true, "score_diff": null, "type_status": "added" }, "geometry": { "type": "Polygon", "coordinates": [ ] } },
{ "type": "Feature", "properties": { "HelkaMerhav": "דרום", "TeurShita": "רשום", "GUSH": 2330, "MisparHelka": 40, "BaalutBefoal": "קק\"ל", "MatzavRishum": "רישום לאחר פרצלציה", "ShetachBaalutKKL": 473152, "Shape__Area": null, "achuz_baalut_kkl": 100, "key": "2330-40-0", "achuz_baalut_kkl_lastMonth": null, "ShetachBaalutKKL_lastMonth": null, "Area_calc_lastMonth": null, "Area_calc": 0.0, "Areakkl_total_lastMonth": null, "Areakkl_total_current": 0.0, "Area_diff": 0.0, "mavat_name_current": null, "mavat_name_lastMonth": null, "mavat_changed": true, "score_diff": null, "type_status": "added" }, "geometry": { "type": "Polygon", "coordinates": [ ] } },
{ "type": "Feature", "properties": { "HelkaMerhav": "מרכז", "TeurShita": "רשום", "GUSH": 4950, "MisparHelka": 5, "BaalutBefoal": "קק\"ל", "MatzavRishum": "רישום לאחר פרצלציה", "ShetachBaalutKKL": 118303, "Shape__Area": 117570.35038437499, "achuz_baalut_kkl": 100, "key": "4950-5-0", "achuz_baalut_kkl_lastMonth": null, "ShetachBaalutKKL_lastMonth": null, "Area_calc_lastMonth": null, "Area_calc": 117570.35038437432, "Areakkl_total_lastMonth": null, "Areakkl_total_current": 117570.35038437432, "Area_diff": 117570.35038437432, "mavat_name_current": "מגבלות בניה ופיתוח", "mavat_name_lastMonth": "מגבלות בניה ופיתוח", "mavat_changed": false, "score_diff": null, "type_status": "added" }, "geometry": { "type": "Polygon", "coordinates": [ [ [ 34.961105977914777, 31.966773757171236 ], [ 34.961239813816185, 31.966479797844467 ], [ 34.961364763960397, 31.966358856287027 ], [ 34.961629319910877, 31.966199854683634 ], [ 34.961755572227837, 31.966086242436194 ], [ 34.96183396032724, 31.965945484294448 ], [ 34.961808818587521, 31.965763383196851 ], [ 34.961642972190432, 31.965220288772784 ], [ 34.961617990791481, 31.964914752553092 ], [ 34.961629065726797, 31.964663393925271 ], [ 34.961553569130359, 31.964270961750664 ], [ 34.961478643487254, 31.963850349004762 ], [ 34.961443202888802, 31.963311449039868 ], [ 34.961404127823663, 31.963085921463648 ], [ 34.961391077114307, 31.963020515172822 ], [ 34.960945734423881, 31.963043334541009 ], [ 34.960640142697194, 31.963096856863178 ], [ 34.960288199449238, 31.963427032628481 ], [ 34.960114096350566, 31.963822367370277 ], [ 34.960377385907215, 31.964827829317176 ], [ 34.961011108227453, 31.965203860950133 ], [ 34.960976030516314, 31.965405573880574 ], [ 34.960382223420453, 31.965311434702581 ], [ 34.959989615516456, 31.966013528271443 ], [ 34.960203800218657, 31.966213466054345 ], [ 34.96005495305576, 31.966432432389109 ], [ 34.959338476647297, 31.966344252120209 ], [ 34.959208833187844, 31.966799979807195 ], [ 34.959528818069238, 31.967369301694511 ], [ 34.959751965072186, 31.967494294490894 ], [ 34.960139724233407, 31.967440368876673 ], [ 34.960452065014969, 31.967278079909772 ], [ 34.960667944554736, 31.967151113804867 ], [ 34.96077646593163, 31.967493446491229 ], [ 34.960703326747797, 31.968023683423851 ], [ 34.960400657813871, 31.968028174743495 ], [ 34.960177642211299, 31.968040145808807 ], [ 34.959944477352941, 31.96813945982602 ], [ 34.9598276940944, 31.968295924457411 ], [ 34.959752833764412, 31.968475578664115 ], [ 34.959717197707363, 31.968761834774746 ], [ 34.959751392238076, 31.968956917160032 ], [ 34.959747499465379, 31.969240416269496 ], [ 34.959619408513376, 31.969484221751699 ], [ 34.959377707501908, 31.969683844618288 ], [ 34.959227220507969, 31.970081477811096 ], [ 34.959407261182733, 31.970257114739777 ], [ 34.959590284385591, 31.97036793956071 ], [ 34.959702557228049, 31.970355192502716 ], [ 34.959758016269497, 31.970261172959635 ], [ 34.960122582092033, 31.970231438906094 ], [ 34.960263584324714, 31.970293145967116 ], [ 34.960555445778759, 31.970252561833529 ], [ 34.960615226777442, 31.97021209519189 ], [ 34.960738835556704, 31.9701001698654 ], [ 34.96084136395875, 31.970084021306242 ], [ 34.961123276468207, 31.970117816115938 ], [ 34.961343918413753, 31.970130075012602 ], [ 34.961519381418157, 31.970099974742482 ], [ 34.96174430338494, 31.96999331490931 ], [ 34.96219565228742, 31.969710670243657 ], [ 34.962260616470871, 31.969772793628813 ], [ 34.963030297199204, 31.969185828131142 ], [ 34.963071720810667, 31.969148143573609 ], [ 34.963094981825655, 31.969102533639191 ], [ 34.963103922163896, 31.969033787589726 ], [ 34.963091593925768, 31.96900727347591 ], [ 34.963025305866744, 31.968945711622837 ], [ 34.962966342814838, 31.968926999660614 ], [ 34.962880083548328, 31.968917253847508 ], [ 34.962530118216733, 31.968928987455286 ], [ 34.962223463661424, 31.968876548736702 ], [ 34.96198259186896, 31.968763362708142 ], [ 34.96180725851216, 31.968682428474377 ], [ 34.961594502316991, 31.968626785846983 ], [ 34.961308958195708, 31.968592985135263 ], [ 34.961068937847983, 31.968471344531341 ], [ 34.960988372131354, 31.968308300573298 ], [ 34.960940808037662, 31.967917049075147 ], [ 34.960936737569611, 31.967705679430058 ], [ 34.960950515906752, 31.967495471269824 ], [ 34.960922870715471, 31.967197820762461 ], [ 34.960955300097552, 31.96699779372263 ], [ 34.961105977914777, 31.966773757171236 ] ] ] } },
{ "type": "Feature", "properties": { "HelkaMerhav": "מרכז", "TeurShita": "רשום", "GUSH": 5016, "MisparHelka": 151, "BaalutBefoal": "קק\"ל", "MatzavRishum": "רישום לאחר פרצלציה", "ShetachBaalutKKL": 497, "Shape__Area": null, "achuz_baalut_kkl": 100, "key": "5016-151-0", "achuz_baalut_kkl_lastMonth": null, "ShetachBaalutKKL_lastMonth": null, "Area_calc_lastMonth": null, "Area_calc": 0.0, "Areakkl_total_lastMonth": null, "Areakkl_total_current": 0.0, "Area_diff": 0.0, "mavat_name_current": null, "mavat_name_lastMonth": null, "mavat_changed": true, "score_diff": null, "type_status": "added" }, "geometry": { "type": "Polygon", "coordinates": [ ] } },
{ "type": "Feature", "properties": { "HelkaMerhav": "מרכז", "TeurShita": "רשום", "GUSH": 5016, "MisparHelka": 152, "BaalutBefoal": "קק\"ל", "MatzavRishum": "רישום לאחר פרצלציה", "ShetachBaalutKKL": 13711, "Shape__Area": null, "achuz_baalut_kkl": 100, "key": "5016-152-0", "achuz_baalut_kkl_lastMonth": null, "ShetachBaalutKKL_lastMonth": null, "Area_calc_lastMonth": null, "Area_calc": 0.0, "Areakkl_total_lastMonth": null, "Areakkl_total_current": 0.0, "Area_diff": 0.0, "mavat_name_current": null, "mavat_name_lastMonth": null, "mavat_changed": true, "score_diff": null, "type_status": "added" }, "geometry": { "type": "Polygon", "coordinates": [ ] } },
{ "type": "Feature", "properties": { "HelkaMerhav": "מרכז", "TeurShita": "רשום", "GUSH": 5134, "MisparHelka": 91, "BaalutBefoal": "קק\"ל", "MatzavRishum": "רישום לאחר פרצלציה", "ShetachBaalutKKL": 998, "Shape__Area": null, "achuz_baalut_kkl": 100, "key": "5134-91-0", "achuz_baalut_kkl_lastMonth": null, "ShetachBaalutKKL_lastMonth": null, "Area_calc_lastMonth": null, "Area_calc": 0.0, "Areakkl_total_lastMonth": null, "Areakkl_total_current": 0.0, "Area_diff": 0.0, "mavat_name_current": null, "mavat_name_lastMonth": null, "mavat_changed": true, "score_diff": null, "type_status": "added" }, "geometry": { "type": "Polygon", "coordinates": [ ] } },
{ "type": "Feature", "properties": { "HelkaMerhav": "מרכז", "TeurShita": "רשום", "GUSH": 5134, "MisparHelka": 92, "BaalutBefoal": "קק\"ל", "MatzavRishum": "רישום לאחר פרצלציה", "ShetachBaalutKKL": 16361, "Shape__Area": null, "achuz_baalut_kkl": 100, "key": "5134-92-0", "achuz_baalut_kkl_lastMonth": null, "ShetachBaalutKKL_lastMonth": null, "Area_calc_lastMonth": null, "Area_calc": 0.0, "Areakkl_total_lastMonth": null, "Areakkl_total_current": 0.0, "Area_diff": 0.0, "mavat_name_current": null, "mavat_name_lastMonth": null, "mavat_changed": true, "score_diff": null, "type_status": "added" }, "geometry": { "type": "Polygon", "coordinates": [ ] } },
{ "type": "Feature", "properties": { "HelkaMerhav": "מרכז", "TeurShita": "רשום", "GUSH": 6389, "MisparHelka": 397, "BaalutBefoal": "קק\"ל", "MatzavRishum": "רישום לאחר פרצלציה", "ShetachBaalutKKL": 767, "Shape__Area": null, "achuz_baalut_kkl": 100, "key": "6389-397-0", "achuz_baalut_kkl_lastMonth": null, "ShetachBaalutKKL_lastMonth": null, "Area_calc_lastMonth": null, "Area_calc": 0.0, "Areakkl_total_lastMonth": null, "Areakkl_total_current": 0.0, "Area_diff": 0.0, "mavat_name_current": null, "mavat_name_lastMonth": null, "mavat_changed": true, "score_diff": null, "type_status": "added" }, "geometry": { "type": "Polygon", "coordinates": [ ] } },
{ "type": "Feature", "properties": { "HelkaMerhav": "מרכז", "TeurShita": "רשום", "GUSH": 7797, "MisparHelka": 459, "BaalutBefoal": "מדינה, קק\"ל", "MatzavRishum": "רישום לאחר פרצלציה", "ShetachBaalutKKL": 12283, "Shape__Area": null, "achuz_baalut_kkl": 98, "key": "7797-459-0", "achuz_baalut_kkl_lastMonth": null, "ShetachBaalutKKL_lastMonth": null, "Area_calc_lastMonth": null, "Area_calc": 0.0, "Areakkl_total_lastMonth": null, "Areakkl_total_current": 0.0, "Area_diff": 0.0, "mavat_name_current": null, "mavat_name_lastMonth": null, "mavat_changed": true, "score_diff": null, "type_status": "added" }, "geometry": { "type": "Polygon", "coordinates": [ ] } },
{ "type": "Feature", "properties": { "HelkaMerhav": "מרכז", "TeurShita": "רשום", "GUSH": 7797, "MisparHelka": 463, "BaalutBefoal": "מדינה, קק\"ל", "MatzavRishum": "רישום לאחר פרצלציה", "ShetachBaalutKKL": 2241, "Shape__Area": null, "achuz_baalut_kkl": 99, "key": "7797-463-0", "achuz_baalut_kkl_lastMonth": null, "ShetachBaalutKKL_lastMonth": null, "Area_calc_lastMonth": null, "Area_calc": 0.0, "Areakkl_total_lastMonth": null, "Areakkl_total_current": 0.0, "Area_diff": 0.0, "mavat_name_current": null, "mavat_name_lastMonth": null, "mavat_changed": true, "score_diff": null, "type_status": "added" }, "geometry": { "type": "Polygon", "coordinates": [ ] } },
{ "type": "Feature", "properties": { "HelkaMerhav": "מרכז", "TeurShita": "רשום", "GUSH": 7797, "MisparHelka": 465, "BaalutBefoal": "קק\"ל", "MatzavRishum": "רישום לאחר פרצלציה", "ShetachBaalutKKL": 836, "Shape__Area": null, "achuz_baalut_kkl": 100, "key": "7797-465-0", "achuz_baalut_kkl_lastMonth": null, "ShetachBaalutKKL_lastMonth": null, "Area_calc_lastMonth": null, "Area_calc": 0.0, "Areakkl_total_lastMonth": null, "Areakkl_total_current": 0.0, "Area_diff": 0.0, "mavat_name_current": null, "mavat_name_lastMonth": null, "mavat_changed": true, "score_diff": null, "type_status": "added" }, "geometry": { "type": "Polygon", "coordinates": [ ] } },
{ "type": "Feature", "properties": { "HelkaMerhav": "מרכז", "TeurShita": "רשום", "GUSH": 7797, "MisparHelka": 468, "BaalutBefoal": "מדינה, קק\"ל", "MatzavRishum": "רישום לאחר פרצלציה", "ShetachBaalutKKL": 222, "Shape__Area": null, "achuz_baalut_kkl": 17, "key": "7797-468-0", "achuz_baalut_kkl_lastMonth": null, "ShetachBaalutKKL_lastMonth": null, "Area_calc_lastMonth": null, "Area_calc": 0.0, "Areakkl_total_lastMonth": null, "Areakkl_total_current": 0.0, "Area_diff": 0.0, "mavat_name_current": null, "mavat_name_lastMonth": null, "mavat_changed": true, "score_diff": null, "type_status": "added" }, "geometry": { "type": "Polygon", "coordinates": [ ] } },
{ "type": "Feature", "properties": { "HelkaMerhav": "מרכז", "TeurShita": "רשום", "GUSH": 7797, "MisparHelka": 469, "BaalutBefoal": "מדינה, קק\"ל", "MatzavRishum": "רישום לאחר פרצלציה", "ShetachBaalutKKL": 3, "Shape__Area": null, "achuz_baalut_kkl": 13, "key": "7797-469-0", "achuz_baalut_kkl_lastMonth": null, "ShetachBaalutKKL_lastMonth": null, "Area_calc_lastMonth": null, "Area_calc": 0.0, "Areakkl_total_lastMonth": null, "Areakkl_total_current": 0.0, "Area_diff": 0.0, "mavat_name_current": null, "mavat_name_lastMonth": null, "mavat_changed": true, "score_diff": null, "type_status": "added" }, "geometry": { "type": "Polygon", "coordinates": [ ] } },
{ "type": "Feature", "properties": { "HelkaMerhav": "מרכז", "TeurShita": "רשום", "GUSH": 7797, "MisparHelka": 472, "BaalutBefoal": "מדינה, קק\"ל", "MatzavRishum": "רישום לאחר פרצלציה", "ShetachBaalutKKL": 845, "Shape__Area": null, "achuz_baalut_kkl": 62, "key": "7797-472-0", "achuz_baalut_kkl_lastMonth": null, "ShetachBaalutKKL_lastMonth": null, "Area_calc_lastMonth": null, "Area_calc": 0.0, "Areakkl_total_lastMonth": null, "Areakkl_total_current": 0.0, "Area_diff": 0.0, "mavat_name_current": null, "mavat_name_lastMonth": null, "mavat_changed": true, "score_diff": null, "type_status": "added" }, "geometry": { "type": "Polygon", "coordinates": [ ] } },
{ "type": "Feature", "properties": { "HelkaMerhav": "מרכז", "TeurShita": "רשום", "GUSH": 7797, "MisparHelka": 473, "BaalutBefoal": "מדינה, קק\"ל", "MatzavRishum": "רישום לאחר פרצלציה", "ShetachBaalutKKL": 55, "Shape__Area": null, "achuz_baalut_kkl": 62, "key": "7797-473-0", "achuz_baalut_kkl_lastMonth": null, "ShetachBaalutKKL_lastMonth": null, "Area_calc_lastMonth": null, "Area_calc": 0.0, "Areakkl_total_lastMonth": null, "Areakkl_total_current": 0.0, "Area_diff": 0.0, "mavat_name_current": null, "mavat_name_lastMonth": null, "mavat_changed": true, "score_diff": null, "type_status": "added" }, "geometry": { "type": "Polygon", "coordinates": [ ] } },
{ "type": "Feature", "properties": { "HelkaMerhav": "מרכז", "TeurShita": "רשום", "GUSH": 7797, "MisparHelka": 474, "BaalutBefoal": "מדינה, קק\"ל", "MatzavRishum": "רישום לאחר פרצלציה", "ShetachBaalutKKL": 311, "Shape__Area": null, "achuz_baalut_kkl": 62, "key": "7797-474-0", "achuz_baalut_kkl_lastMonth": null, "ShetachBaalutKKL_lastMonth": null, "Area_calc_lastMonth": null, "Area_calc": 0.0, "Areakkl_total_lastMonth": null, "Areakkl_total_current": 0.0, "Area_diff": 0.0, "mavat_name_current": null, "mavat_name_lastMonth": null, "mavat_changed": true, "score_diff": null, "type_status": "added" }, "geometry": { "type": "Polygon", "coordinates": [ ] } },
{ "type": "Feature", "properties": { "HelkaMerhav": "מרכז", "TeurShita": "רשום", "GUSH": 7797, "MisparHelka": 475, "BaalutBefoal": "מדינה, קק\"ל", "MatzavRishum": "רישום לאחר פרצלציה", "ShetachBaalutKKL": 311, "Shape__Area": null, "achuz_baalut_kkl": 62, "key": "7797-475-0", "achuz_baalut_kkl_lastMonth": null, "ShetachBaalutKKL_lastMonth": null, "Area_calc_lastMonth": null, "Area_calc": 0.0, "Areakkl_total_lastMonth": null, "Areakkl_total_current": 0.0, "Area_diff": 0.0, "mavat_name_current": null, "mavat_name_lastMonth": null, "mavat_changed": true, "score_diff": null, "type_status": "added" }, "geometry": { "type": "Polygon", "coordinates": [ ] } },
{ "type": "Feature", "properties": { "HelkaMerhav": "מרכז", "TeurShita": "רשום", "GUSH": 7797, "MisparHelka": 476, "BaalutBefoal": "מדינה, קק\"ל", "MatzavRishum": "רישום לאחר פרצלציה", "ShetachBaalutKKL": 311, "Shape__Area": null, "achuz_baalut_kkl": 62, "key": "7797-476-0", "achuz_baalut_kkl_lastMonth": null, "ShetachBaalutKKL_lastMonth": null, "Area_calc_lastMonth": null, "Area_calc": 0.0, "Areakkl_total_lastMonth": null, "Areakkl_total_current": 0.0, "Area_diff": 0.0, "mavat_name_current": null, "mavat_name_lastMonth": null, "mavat_changed": true, "score_diff": null, "type_status": "added" }, "geometry": { "type": "Polygon", "coordinates": [ ] } },
{ "type": "Feature", "properties": { "HelkaMerhav": "מרכז", "TeurShita": "רשום", "GUSH": 7797, "MisparHelka": 477, "BaalutBefoal": "מדינה, קק\"ל", "MatzavRishum": "רישום לאחר פרצלציה", "ShetachBaalutKKL": 5267, "Shape__Area": null, "achuz_baalut_kkl": 62, "key": "7797-477-0", "achuz_baalut_kkl_lastMonth": null, "ShetachBaalutKKL_lastMonth": null, "Area_calc_lastMonth": null, "Area_calc": 0.0, "Areakkl_total_lastMonth": null, "Areakkl_total_current": 0.0, "Area_diff": 0.0, "mavat_name_current": null, "mavat_name_lastMonth": null, "mavat_changed": true, "score_diff": null, "type_status": "added" }, "geometry": { "type": "Polygon", "coordinates": [ ] } },
{ "type": "Feature", "properties": { "HelkaMerhav": "מרכז", "TeurShita": "רשום", "GUSH": 7797, "MisparHelka": 478, "BaalutBefoal": "מדינה, קק\"ל", "MatzavRishum": "רישום לאחר פרצלציה", "ShetachBaalutKKL": 561, "Shape__Area": null, "achuz_baalut_kkl": 62, "key": "7797-478-0", "achuz_baalut_kkl_lastMonth": null, "ShetachBaalutKKL_lastMonth": null, "Area_calc_lastMonth": null, "Area_calc": 0.0, "Areakkl_total_lastMonth": null, "Areakkl_total_current": 0.0, "Area_diff": 0.0, "mavat_name_current": null, "mavat_name_lastMonth": null, "mavat_changed": true, "score_diff": null, "type_status": "added" }, "geometry": { "type": "Polygon", "coordinates": [ ] } },
{ "type": "Feature", "properties": { "HelkaMerhav": "מרכז", "TeurShita": "רשום", "GUSH": 7797, "MisparHelka": 479, "BaalutBefoal": "מדינה, קק\"ל", "MatzavRishum": "רישום לאחר פרצלציה", "ShetachBaalutKKL": 1802, "Shape__Area": null, "achuz_baalut_kkl": 62, "key": "7797-479-0", "achuz_baalut_kkl_lastMonth": null, "ShetachBaalutKKL_lastMonth": null, "Area_calc_lastMonth": null, "Area_calc": 0.0, "Areakkl_total_lastMonth": null, "Areakkl_total_current": 0.0, "Area_diff": 0.0, "mavat_name_current": null, "mavat_name_lastMonth": null, "mavat_changed": true, "score_diff": null, "type_status": "added" }, "geometry": { "type": "Polygon", "coordinates": [ ] } },
{ "type": "Feature", "properties": { "HelkaMerhav": "מרכז", "TeurShita": "רשום", "GUSH": 7797, "MisparHelka": 480, "BaalutBefoal": "מדינה, קק\"ל", "MatzavRishum": "רישום לאחר פרצלציה", "ShetachBaalutKKL": 353, "Shape__Area": null, "achuz_baalut_kkl": 62, "key": "7797-480-0", "achuz_baalut_kkl_lastMonth": null, "ShetachBaalutKKL_lastMonth": null, "Area_calc_lastMonth": null, "Area_calc": 0.0, "Areakkl_total_lastMonth": null, "Areakkl_total_current": 0.0, "Area_diff": 0.0, "mavat_name_current": null, "mavat_name_lastMonth": null, "mavat_changed": true, "score_diff": null, "type_status": "added" }, "geometry": { "type": "Polygon", "coordinates": [ ] } },
{ "type": "Feature", "properties": { "HelkaMerhav": "מרכז", "TeurShita": "רשום", "GUSH": 7797, "MisparHelka": 481, "BaalutBefoal": "מדינה, קק\"ל", "MatzavRishum": "רישום לאחר פרצלציה", "ShetachBaalutKKL": 892, "Shape__Area": null, "achuz_baalut_kkl": 62, "key": "7797-481-0", "achuz_baalut_kkl_lastMonth": null, "ShetachBaalutKKL_lastMonth": null, "Area_calc_lastMonth": null, "Area_calc": 0.0, "Areakkl_total_lastMonth": null, "Areakkl_total_current": 0.0, "Area_diff": 0.0, "mavat_name_current": null, "mavat_name_lastMonth": null, "mavat_changed": true, "score_diff": null, "type_status": "added" }, "geometry": { "type": "Polygon", "coordinates": [ ] } },
{ "type": "Feature", "properties": { "HelkaMerhav": "מרכז", "TeurShita": "רשום", "GUSH": 7922, "MisparHelka": 1176, "BaalutBefoal": "קק\"ל", "MatzavRishum": "רישום לאחר פרצלציה", "ShetachBaalutKKL": 321, "Shape__Area": null, "achuz_baalut_kkl": 100, "key": "7922-1176-0", "achuz_baalut_kkl_lastMonth": null, "ShetachBaalutKKL_lastMonth": null, "Area_calc_lastMonth": null, "Area_calc": 0.0, "Areakkl_total_lastMonth": null, "Areakkl_total_current": 0.0, "Area_diff": 0.0, "mavat_name_current": null, "mavat_name_lastMonth": null, "mavat_changed": true, "score_diff": null, "type_status": "added" }, "geometry": { "type": "Polygon", "coordinates": [ ] } },
{ "type": "Feature", "properties": { "HelkaMerhav": "מרכז", "TeurShita": "רשום", "GUSH": 7922, "MisparHelka": 1177, "BaalutBefoal": "קק\"ל", "MatzavRishum": "רישום לאחר פרצלציה", "ShetachBaalutKKL": 570, "Shape__Area": null, "achuz_baalut_kkl": 100, "key": "7922-1177-0", "achuz_baalut_kkl_lastMonth": null, "ShetachBaalutKKL_lastMonth": null, "Area_calc_lastMonth": null, "Area_calc": 0.0, "Areakkl_total_lastMonth": null, "Areakkl_total_current": 0.0, "Area_diff": 0.0, "mavat_name_current": null, "mavat_name_lastMonth": null, "mavat_changed": true, "score_diff": null, "type_status": "added" }, "geometry": { "type": "Polygon", "coordinates": [ ] } },
{ "type": "Feature", "properties": { "HelkaMerhav": "מרכז", "TeurShita": "רשום", "GUSH": 7922, "MisparHelka": 1178, "BaalutBefoal": "קק\"ל", "MatzavRishum": "רישום לאחר פרצלציה", "ShetachBaalutKKL": 440, "Shape__Area": null, "achuz_baalut_kkl": 100, "key": "7922-1178-0", "achuz_baalut_kkl_lastMonth": null, "ShetachBaalutKKL_lastMonth": null, "Area_calc_lastMonth": null, "Area_calc": 0.0, "Areakkl_total_lastMonth": null, "Areakkl_total_current": 0.0, "Area_diff": 0.0, "mavat_name_current": null, "mavat_name_lastMonth": null, "mavat_changed": true, "score_diff": null, "type_status": "added" }, "geometry": { "type": "Polygon", "coordinates": [ ] } },
{ "type": "Feature", "properties": { "HelkaMerhav": "מרכז", "TeurShita": "רשום", "GUSH": 7620, "MisparHelka": 242, "BaalutBefoal": "קק\"ל", "MatzavRishum": "בית משותף לאחר צו בתים משותפים", "ShetachBaalutKKL": 1654, "Shape__Area": null, "achuz_baalut_kkl": 100, "key": "7620-242-0", "achuz_baalut_kkl_lastMonth": null, "ShetachBaalutKKL_lastMonth": null, "Area_calc_lastMonth": null, "Area_calc": 1663.3276775413483, "Areakkl_total_lastMonth": 1663.3276775413483, "Areakkl_total_current": null, "Area_diff": -1663.3276775413483, "mavat_name_current": "מגורים ד'", "mavat_name_lastMonth": "מגורים ד'", "mavat_changed": false, "score_diff": null, "type_status": "deleted" }, "geometry": { "type": "Polygon", "coordinates": [ [ [ 34.901383124711806, 32.189845177290145 ], [ 34.901220378477923, 32.18992647203185 ], [ 34.901174326798966, 32.18995798785096 ], [ 34.901192601795913, 32.190007492325677 ], [ 34.901373242485512, 32.190202975999803 ], [ 34.901381263833841, 32.190201032049821 ], [ 34.901402156389331, 32.190197981794874 ], [ 34.901423314045388, 32.190196855661704 ], [ 34.901446338878984, 32.190198695433004 ], [ 34.901531855168017, 32.190147059795621 ], [ 34.901701568028329, 32.190046420178859 ], [ 34.901784972895562, 32.189996960713152 ], [ 34.901585221749279, 32.189723534565523 ], [ 34.901545725150129, 32.189746337014711 ], [ 34.901383124711806, 32.189845177290145 ] ] ] } },
{ "type": "Feature", "properties": { "HelkaMerhav": "מרכז", "TeurShita": "רשום", "GUSH": 8274, "MisparHelka": 521, "BaalutBefoal": "קק\"ל", "MatzavRishum": "בית משותף לאחר צו בתים משותפים", "ShetachBaalutKKL": 972, "Shape__Area": null, "achuz_baalut_kkl": 100, "key": "8274-521-0", "achuz_baalut_kkl_lastMonth": null, "ShetachBaalutKKL_lastMonth": null, "Area_calc_lastMonth": null, "Area_calc": 959.83054374769563, "Areakkl_total_lastMonth": 959.83054374769563, "Areakkl_total_current": null, "Area_diff": -959.83054374769563, "mavat_name_current": "מגורים ד'", "mavat_name_lastMonth": "מגורים ד'", "mavat_changed": false, "score_diff": null, "type_status": "deleted" }, "geometry": { "type": "Polygon", "coordinates": [ [ [ 34.861032043750143, 32.338782942094078 ], [ 34.861005014943075, 32.338600826900262 ], [ 34.860504078851392, 32.338658640069788 ], [ 34.86053294319796, 32.338837942386348 ], [ 34.861032043750143, 32.338782942094078 ] ] ] } },
{ "type": "Feature", "properties": { "HelkaMerhav": "מרכז", "TeurShita": "רשום", "GUSH": 8322, "MisparHelka": 142, "BaalutBefoal": "קק\"ל", "MatzavRishum": "בית משותף לאחר צו בתים משותפים", "ShetachBaalutKKL": 1078, "Shape__Area": null, "achuz_baalut_kkl": 100, "key": "8322-142-0", "achuz_baalut_kkl_lastMonth": null, "ShetachBaalutKKL_lastMonth": null, "Area_calc_lastMonth": null, "Area_calc": 1078.7408602368641, "Areakkl_total_lastMonth": 1078.7408602368641, "Areakkl_total_current": null, "Area_diff": -1078.7408602368641, "mavat_name_current": "יעוד עפ\"י תכנית מאושרת אחרת", "mavat_name_lastMonth": "יעוד עפ\"י תכנית מאושרת אחרת", "mavat_changed": false, "score_diff": null, "type_status": "deleted" }, "geometry": { "type": "Polygon", "coordinates": [ [ [ 34.854604511548928, 32.347025345710861 ], [ 34.854440938847013, 32.347051313384277 ], [ 34.854479030459103, 32.347200758322707 ], [ 34.854877607285552, 32.347096552124782 ], [ 34.854766251032792, 32.346790211188086 ], [ 34.854556602485147, 32.346794138707892 ], [ 34.854604511548928, 32.347025345710861 ] ] ] } },
{ "type": "Feature", "properties": { "HelkaMerhav": "מרכז", "TeurShita": "רשום", "GUSH": 8322, "MisparHelka": 219, "BaalutBefoal": "קק\"ל", "MatzavRishum": "בית משותף לאחר צו בתים משותפים", "ShetachBaalutKKL": 1034, "Shape__Area": null, "achuz_baalut_kkl": 100, "key": "8322-219-0", "achuz_baalut_kkl_lastMonth": null, "ShetachBaalutKKL_lastMonth": null, "Area_calc_lastMonth": null, "Area_calc": 1030.4291374887107, "Areakkl_total_lastMonth": 1030.4291374887107, "Areakkl_total_current": null, "Area_diff": -1030.4291374887107, "mavat_name_current": "יעוד עפ\"י תכנית מאושרת אחרת", "mavat_name_lastMonth": "יעוד עפ\"י תכנית מאושרת אחרת", "mavat_changed": false, "score_diff": null, "type_status": "deleted" }, "geometry": { "type": "Polygon", "coordinates": [ [ [ 34.855944732500184, 32.353408952793451 ], [ 34.855906646735335, 32.353471406609259 ], [ 34.855917796179725, 32.353550904297791 ], [ 34.85597384044155, 32.353826657035803 ], [ 34.856203515938503, 32.353798547938709 ], [ 34.856141341054752, 32.353389769967485 ], [ 34.855944732500184, 32.353408952793451 ] ] ] } },
{ "type": "Feature", "properties": { "HelkaMerhav": "חיפה", "TeurShita": "שומה", "GUSH": 10854, "MisparHelka": 22, "BaalutBefoal": "קק\"ל, שלטון", "MatzavRishum": "בית משותף לאחר צו בתים משותפים", "ShetachBaalutKKL": 573, "Shape__Area": null, "achuz_baalut_kkl": 100, "key": "10854-22-0", "achuz_baalut_kkl_lastMonth": null, "ShetachBaalutKKL_lastMonth": null, "Area_calc_lastMonth": null, "Area_calc": 0.0, "Areakkl_total_lastMonth": 0.0, "Areakkl_total_current": null, "Area_diff": -0.0, "mavat_name_current": null, "mavat_name_lastMonth": null, "mavat_changed": true, "score_diff": null, "type_status": "deleted" }, "geometry": { "type": "Polygon", "coordinates": [ ] } },
{ "type": "Feature", "properties": { "HelkaMerhav": "חיפה", "TeurShita": "שומה", "GUSH": 10854, "MisparHelka": 32, "BaalutBefoal": "קק\"ל", "MatzavRishum": "בית משותף לאחר צו בתים משותפים", "ShetachBaalutKKL": 283, "Shape__Area": null, "achuz_baalut_kkl": 100, "key": "10854-32-0", "achuz_baalut_kkl_lastMonth": null, "ShetachBaalutKKL_lastMonth": null, "Area_calc_lastMonth": null, "Area_calc": 0.0, "Areakkl_total_lastMonth": 0.0, "Areakkl_total_current": null, "Area_diff": -0.0, "mavat_name_current": null, "mavat_name_lastMonth": null, "mavat_changed": true, "score_diff": null, "type_status": "deleted" }, "geometry": { "type": "Polygon", "coordinates": [ ] } }
]
}
